EIA MODEL CODE,GDM MODEL CODE,EIA MODEL DESCRIPTION,GDM MODEL DESCRPTION,OBSERVATION
PET.M_EPL0_SKR_NUS_MBBL.M,US.OIL.EIA.M_EPL0_SKR_NUS_MBBL_M,"U.S. Hydrocarbon Gas Liquids Stocks at Refineries, Monthly",U.S. Hydrocarbon Gas Liquids Stocks at Refineries Monthly - Thousand Barrels,True
PET.M_EPL0_SKR_R10_MBBL.M,US.OIL.EIA.M_EPL0_SKR_R10_MBBL_M,"East Coast (PADD 1) Hydrocarbon Gas Liquids Stocks at Refineries, Monthly",East Coast (PADD 1) Hydrocarbon Gas Liquids Stocks at Refineries Monthly - Thousand Barrels,True
PET.M_EPL0_SKR_R20_MBBL.M,US.OIL.EIA.M_EPL0_SKR_R20_MBBL_M,"Midwest (PADD 2) Hydrocarbon Gas Liquids Stocks at Refineries, Monthly",Midwest (PADD 2) Hydrocarbon Gas Liquids Stocks at Refineries Monthly - Thousand Barrels,True
PET.M_EPL0_SKR_R2A_MBBL.M,US.OIL.EIA.M_EPL0_SKR_R2A_MBBL_M,"Refining District Indiana-Illinois-Kentucky Hydrocarbon Gas Liquids Stocks at Refineries, Monthly",Refining District Indiana-Illinois-Kentucky Hydrocarbon Gas Liquids Stocks at Refineries Monthly - Thousand Barrels,True
PET.M_EPL0_SKR_R2B_MBBL.M,US.OIL.EIA.M_EPL0_SKR_R2B_MBBL_M,"Refining District Minnesota-Wisconsin-North Dakota-South Dakota Hydrocarbon Gas Liquids Stocks at Refineries, Monthly",Refining District Minnesota-Wisconsin-North Dakota-South Dakota Hydrocarbon Gas Liquids Stocks at Refineries Monthly - Thousand Barrels,True
PET.M_EPL0_SKR_R2C_MBBL.M,US.OIL.EIA.M_EPL0_SKR_R2C_MBBL_M,"Refining District Oklahoma-Kansas-Missouri Hydrocarbon Gas Liquids Stocks at Refineries, Monthly",Refining District Oklahoma-Kansas-Missouri Hydrocarbon Gas Liquids Stocks at Refineries Monthly - Thousand Barrels,True
PET.M_EPL0_SKR_R30_MBBL.M,US.OIL.EIA.M_EPL0_SKR_R30_MBBL_M,"Gulf Coast (PADD 3) Hydrocarbon Gas Liquids Stocks at Refineries, Monthly",Gulf Coast (PADD 3) Hydrocarbon Gas Liquids Stocks at Refineries Monthly - Thousand Barrels,True
PET.M_EPL0_SKR_R3A_MBBL.M,US.OIL.EIA.M_EPL0_SKR_R3A_MBBL_M,"Refining District Texas Inland Hydrocarbon Gas Liquids Stocks at Refineries, Monthly",Refining District Texas Inland Hydrocarbon Gas Liquids Stocks at Refineries Monthly - Thousand Barrels,True
PET.M_EPL0_SKR_R3B_MBBL.M,US.OIL.EIA.M_EPL0_SKR_R3B_MBBL_M,"Refining District Texas Gulf Coast Hydrocarbon Gas Liquids Stocks at Refineries, Monthly",Refining District Texas Gulf Coast Hydrocarbon Gas Liquids Stocks at Refineries Monthly - Thousand Barrels,True
PET.M_EPL0_SKR_R3C_MBBL.M,US.OIL.EIA.M_EPL0_SKR_R3C_MBBL_M,"Refining District Louisiana Gulf Coast Hydrocarbon Gas Liquids Stocks at Refineries, Monthly",Refining District Louisiana Gulf Coast Hydrocarbon Gas Liquids Stocks at Refineries Monthly - Thousand Barrels,True
PET.M_EPL0_SKR_R3D_MBBL.M,US.OIL.EIA.M_EPL0_SKR_R3D_MBBL_M,"Refining District North Louisiana-Arkansas Hydrocarbon Gas Liquids Stocks at Refineries, Monthly",Refining District North Louisiana-Arkansas Hydrocarbon Gas Liquids Stocks at Refineries Monthly - Thousand Barrels,True
PET.M_EPL0_SKR_R3E_MBBL.M,US.OIL.EIA.M_EPL0_SKR_R3E_MBBL_M,"Refining District New Mexico Hydrocarbon Gas Liquids Stocks at Refineries, Monthly",Refining District New Mexico Hydrocarbon Gas Liquids Stocks at Refineries Monthly - Thousand Barrels,True
PET.M_EPL0_SKR_R40_MBBL.M,US.OIL.EIA.M_EPL0_SKR_R40_MBBL_M,"Rocky Mountain (PADD 4) Hydrocarbon Gas Liquids Stocks at Refineries, Monthly",Rocky Mountain (PADD 4) Hydrocarbon Gas Liquids Stocks at Refineries Monthly - Thousand Barrels,True
PET.M_EPL0_SKR_R50_MBBL.M,US.OIL.EIA.M_EPL0_SKR_R50_MBBL_M,"West Coast (PADD 5) Hydrocarbon Gas Liquids Stocks at Refineries, Monthly",West Coast (PADD 5) Hydrocarbon Gas Liquids Stocks at Refineries Monthly - Thousand Barrels,True
PET.M_EPL0_SKR_RAP_MBBL.M,US.OIL.EIA.M_EPL0_SKR_RAP_MBBL_M,"Refining District Appalachian No. 1 Hydrocarbon Gas Liquids Stocks at Refineries, Monthly",Refining District Appalachian No. 1 Hydrocarbon Gas Liquids Stocks at Refineries Monthly - Thousand Barrels,True
PET.M_EPL0_SKR_REC_MBBL.M,US.OIL.EIA.M_EPL0_SKR_REC_MBBL_M,"Refining District East Coast Hydrocarbon Gas Liquids Stocks at Refineries, Monthly",Refining District East Coast Hydrocarbon Gas Liquids Stocks at Refineries Monthly - Thousand Barrels,True
PET.M_EPL2_SKR_NUS_MBBL.M,US.OIL.EIA.M_EPL2_SKR_NUS_MBBL_M,"U.S. Refinery Stocks of Natural Gas Liquids, Monthly",U.S. Refinery Stocks of Natural Gas Liquids Monthly - Thousand Barrels,True
PET.M_EPL2_SKR_R10_MBBL.M,US.OIL.EIA.M_EPL2_SKR_R10_MBBL_M,"East Coast (PADD 1) Refinery Stocks of Natural Gas Liquids, Monthly",East Coast (PADD 1) Refinery Stocks of Natural Gas Liquids Monthly - Thousand Barrels,True
PET.M_EPL2_SKR_R20_MBBL.M,US.OIL.EIA.M_EPL2_SKR_R20_MBBL_M,"Midwest (PADD 2) Refinery Stocks of Natural Gas Liquids, Monthly",Midwest (PADD 2) Refinery Stocks of Natural Gas Liquids Monthly - Thousand Barrels,True
PET.M_EPL2_SKR_R2A_MBBL.M,US.OIL.EIA.M_EPL2_SKR_R2A_MBBL_M,"Refining District Indiana-Illinois-Kentucky Refinery Stocks of Natural Gas Liquids, Monthly",Refining District Indiana-Illinois-Kentucky Refinery Stocks of Natural Gas Liquids Monthly - Thousand Barrels,True
PET.M_EPL2_SKR_R2B_MBBL.M,US.OIL.EIA.M_EPL2_SKR_R2B_MBBL_M,"Refining District Minnesota-Wisconsin-North Dakota-South Dakota Refinery Stocks of Natural Gas Liquids, Monthly",Refining District Minnesota-Wisconsin-North Dakota-South Dakota Refinery Stocks of Natural Gas Liquids Monthly - Thousand Barrels,True
PET.M_EPL2_SKR_R2C_MBBL.M,US.OIL.EIA.M_EPL2_SKR_R2C_MBBL_M,"Refining District Oklahoma-Kansas-Missouri Refinery Stocks of Natural Gas Liquids, Monthly",Refining District Oklahoma-Kansas-Missouri Refinery Stocks of Natural Gas Liquids Monthly - Thousand Barrels,True
PET.M_EPL2_SKR_R30_MBBL.M,US.OIL.EIA.M_EPL2_SKR_R30_MBBL_M,"Gulf Coast (PADD 3) Refinery Stocks of Natural Gas Liquids, Monthly",Gulf Coast (PADD 3) Refinery Stocks of Natural Gas Liquids Monthly - Thousand Barrels,True
PET.M_EPL2_SKR_R3A_MBBL.M,US.OIL.EIA.M_EPL2_SKR_R3A_MBBL_M,"Refining District Texas Inland Refinery Stocks of Natural Gas Liquids, Monthly",Refining District Texas Inland Refinery Stocks of Natural Gas Liquids Monthly - Thousand Barrels,True
PET.M_EPL2_SKR_R3B_MBBL.M,US.OIL.EIA.M_EPL2_SKR_R3B_MBBL_M,"Refining District Texas Gulf Coast Refinery Stocks of Natural Gas Liquids, Monthly",Refining District Texas Gulf Coast Refinery Stocks of Natural Gas Liquids Monthly - Thousand Barrels,True
PET.M_EPL2_SKR_R3C_MBBL.M,US.OIL.EIA.M_EPL2_SKR_R3C_MBBL_M,"Refining District Louisiana Gulf Coast Refinery Stocks of Natural Gas Liquids, Monthly",Refining District Louisiana Gulf Coast Refinery Stocks of Natural Gas Liquids Monthly - Thousand Barrels,True
PET.M_EPL2_SKR_R3D_MBBL.M,US.OIL.EIA.M_EPL2_SKR_R3D_MBBL_M,"Refining District North Louisiana-Arkansas Refinery Stocks of Natural Gas Liquids, Monthly",Refining District North Louisiana-Arkansas Refinery Stocks of Natural Gas Liquids Monthly - Thousand Barrels,True
PET.M_EPL2_SKR_R3E_MBBL.M,US.OIL.EIA.M_EPL2_SKR_R3E_MBBL_M,"Refining District New Mexico Refinery Stocks of Natural Gas Liquids, Monthly",Refining District New Mexico Refinery Stocks of Natural Gas Liquids Monthly - Thousand Barrels,True
PET.M_EPL2_SKR_R40_MBBL.M,US.OIL.EIA.M_EPL2_SKR_R40_MBBL_M,"Rocky Mountain (PADD 4) Refinery Stocks of Natural Gas Liquids, Monthly",Rocky Mountain (PADD 4) Refinery Stocks of Natural Gas Liquids Monthly - Thousand Barrels,True
PET.M_EPL2_SKR_R50_MBBL.M,US.OIL.EIA.M_EPL2_SKR_R50_MBBL_M,"West Coast (PADD 5) Refinery Stocks of Natural Gas Liquids, Monthly",West Coast (PADD 5) Refinery Stocks of Natural Gas Liquids Monthly - Thousand Barrels,True
PET.M_EPL2_SKR_RAP_MBBL.M,US.OIL.EIA.M_EPL2_SKR_RAP_MBBL_M,"Refining District Appalachian No. 1 Refinery Stocks of Natural Gas Liquids, Monthly",Refining District Appalachian No. 1 Refinery Stocks of Natural Gas Liquids Monthly - Thousand Barrels,True
PET.M_EPL2_SKR_REC_MBBL.M,US.OIL.EIA.M_EPL2_SKR_REC_MBBL_M,"Refining District East Coast Refinery Stocks of Natural Gas Liquids, Monthly",Refining District East Coast Refinery Stocks of Natural Gas Liquids Monthly - Thousand Barrels,True
PET.M_EPLLBAI_SKR_NUS_MBBL.M,US.OIL.EIA.M_EPLLBAI_SKR_NUS_MBBL_M,"U.S. Refinery Stocks of Isobutane, Monthly",U.S. Refinery Stocks of Isobutane Monthly - Thousand Barrels,True
PET.M_EPLLBAI_SKR_R10_MBBL.M,US.OIL.EIA.M_EPLLBAI_SKR_R10_MBBL_M,"East Coast (PADD 1) Refinery Stocks of Isobutane, Monthly",East Coast (PADD 1) Refinery Stocks of Isobutane Monthly - Thousand Barrels,True
PET.M_EPLLBAI_SKR_R20_MBBL.M,US.OIL.EIA.M_EPLLBAI_SKR_R20_MBBL_M,"Midwest (PADD 2) Refinery Stocks of Isobutane, Monthly",Midwest (PADD 2) Refinery Stocks of Isobutane Monthly - Thousand Barrels,True
PET.M_EPLLBAI_SKR_R2A_MBBL.M,US.OIL.EIA.M_EPLLBAI_SKR_R2A_MBBL_M,"Refining District Indiana-Illinois-Kentucky Refinery Stocks of Isobutane, Monthly",Refining District Indiana-Illinois-Kentucky Refinery Stocks of Isobutane Monthly - Thousand Barrels,True
PET.M_EPLLBAI_SKR_R2B_MBBL.M,US.OIL.EIA.M_EPLLBAI_SKR_R2B_MBBL_M,"Refining District Minnesota-Wisconsin-North Dakota-South Dakota Refinery Stocks of Isobutane, Monthly",Refining District Minnesota-Wisconsin-North Dakota-South Dakota Refinery Stocks of Isobutane Monthly - Thousand Barrels,True
PET.M_EPLLBAI_SKR_R2C_MBBL.M,US.OIL.EIA.M_EPLLBAI_SKR_R2C_MBBL_M,"Refining District Oklahoma-Kansas-Missouri Refinery Stocks of Isobutane, Monthly",Refining District Oklahoma-Kansas-Missouri Refinery Stocks of Isobutane Monthly - Thousand Barrels,True
PET.M_EPLLBAI_SKR_R30_MBBL.M,US.OIL.EIA.M_EPLLBAI_SKR_R30_MBBL_M,"Gulf Coast (PADD 3) Refinery Stocks of Isobutane, Monthly",Gulf Coast (PADD 3) Refinery Stocks of Isobutane Monthly - Thousand Barrels,True
PET.M_EPLLBAI_SKR_R3A_MBBL.M,US.OIL.EIA.M_EPLLBAI_SKR_R3A_MBBL_M,"Refining District Texas Inland Refinery Stocks of Isobutane, Monthly",Refining District Texas Inland Refinery Stocks of Isobutane Monthly - Thousand Barrels,True
PET.M_EPLLBAI_SKR_R3B_MBBL.M,US.OIL.EIA.M_EPLLBAI_SKR_R3B_MBBL_M,"Refining District Texas Gulf Coast Refinery Stocks of Isobutane, Monthly",Refining District Texas Gulf Coast Refinery Stocks of Isobutane Monthly - Thousand Barrels,True
PET.M_EPLLBAI_SKR_R3C_MBBL.M,US.OIL.EIA.M_EPLLBAI_SKR_R3C_MBBL_M,"Refining District Louisiana Gulf Coast Refinery Stocks of Isobutane, Monthly",Refining District Louisiana Gulf Coast Refinery Stocks of Isobutane Monthly - Thousand Barrels,True
PET.M_EPLLBAI_SKR_R3D_MBBL.M,US.OIL.EIA.M_EPLLBAI_SKR_R3D_MBBL_M,"Refining District North Louisiana-Arkansas Refinery Stocks of Isobutane, Monthly",Refining District North Louisiana-Arkansas Refinery Stocks of Isobutane Monthly - Thousand Barrels,True
PET.M_EPLLBAI_SKR_R3E_MBBL.M,US.OIL.EIA.M_EPLLBAI_SKR_R3E_MBBL_M,"Refining District New Mexico Refinery Stocks of Isobutane, Monthly",Refining District New Mexico Refinery Stocks of Isobutane Monthly - Thousand Barrels,True
PET.M_EPLLBAI_SKR_R40_MBBL.M,US.OIL.EIA.M_EPLLBAI_SKR_R40_MBBL_M,"Rocky Mountain (PADD 4) Refinery Stocks of Isobutane, Monthly",Rocky Mountain (PADD 4) Refinery Stocks of Isobutane Monthly - Thousand Barrels,True
PET.M_EPLLBAI_SKR_R50_MBBL.M,US.OIL.EIA.M_EPLLBAI_SKR_R50_MBBL_M,"West Coast (PADD 5) Refinery Stocks of Isobutane, Monthly",West Coast (PADD 5) Refinery Stocks of Isobutane Monthly - Thousand Barrels,True
PET.M_EPLLBAI_SKR_RAP_MBBL.M,US.OIL.EIA.M_EPLLBAI_SKR_RAP_MBBL_M,"Refining District Appalachian No. 1 Refinery Stocks of Isobutane, Monthly",Refining District Appalachian No. 1 Refinery Stocks of Isobutane Monthly - Thousand Barrels,True
PET.M_EPLLBAI_SKR_REC_MBBL.M,US.OIL.EIA.M_EPLLBAI_SKR_REC_MBBL_M,"Refining District East Coast Refinery Stocks of Isobutane, Monthly",Refining District East Coast Refinery Stocks of Isobutane Monthly - Thousand Barrels,True
PET.M_EPLLBAN_SKR_NUS_MBBL.M,US.OIL.EIA.M_EPLLBAN_SKR_NUS_MBBL_M,"U.S. Refinery Stocks of Normal Butane, Monthly",U.S. Refinery Stocks of Normal Butane Monthly - Thousand Barrels,True
PET.M_EPLLBAN_SKR_R10_MBBL.M,US.OIL.EIA.M_EPLLBAN_SKR_R10_MBBL_M,"East Coast (PADD 1) Refinery Stocks of Normal Butane, Monthly",East Coast (PADD 1) Refinery Stocks of Normal Butane Monthly - Thousand Barrels,True
PET.M_EPLLBAN_SKR_R20_MBBL.M,US.OIL.EIA.M_EPLLBAN_SKR_R20_MBBL_M,"Midwest (PADD 2) Refinery Stocks of Normal Butane, Monthly",Midwest (PADD 2) Refinery Stocks of Normal Butane Monthly - Thousand Barrels,True
PET.M_EPLLBAN_SKR_R2A_MBBL.M,US.OIL.EIA.M_EPLLBAN_SKR_R2A_MBBL_M,"Refining District Indiana-Illinois-Kentucky Refinery Stocks of Normal Butane, Monthly",Refining District Indiana-Illinois-Kentucky Refinery Stocks of Normal Butane Monthly - Thousand Barrels,True
PET.M_EPLLBAN_SKR_R2B_MBBL.M,US.OIL.EIA.M_EPLLBAN_SKR_R2B_MBBL_M,"Refining District Minnesota-Wisconsin-North Dakota-South Dakota Refinery Stocks of Normal Butane, Monthly",Refining District Minnesota-Wisconsin-North Dakota-South Dakota Refinery Stocks of Normal Butane Monthly - Thousand Barrels,True
PET.M_EPLLBAN_SKR_R2C_MBBL.M,US.OIL.EIA.M_EPLLBAN_SKR_R2C_MBBL_M,"Refining District Oklahoma-Kansas-Missouri Refinery Stocks of Normal Butane, Monthly",Refining District Oklahoma-Kansas-Missouri Refinery Stocks of Normal Butane Monthly - Thousand Barrels,True
PET.M_EPLLBAN_SKR_R30_MBBL.M,US.OIL.EIA.M_EPLLBAN_SKR_R30_MBBL_M,"Gulf Coast (PADD 3) Refinery Stocks of Normal Butane, Monthly",Gulf Coast (PADD 3) Refinery Stocks of Normal Butane Monthly - Thousand Barrels,True
PET.M_EPLLBAN_SKR_R3A_MBBL.M,US.OIL.EIA.M_EPLLBAN_SKR_R3A_MBBL_M,"Refining District Texas Inland Refinery Stocks of Normal Butane, Monthly",Refining District Texas Inland Refinery Stocks of Normal Butane Monthly - Thousand Barrels,True
PET.M_EPLLBAN_SKR_R3B_MBBL.M,US.OIL.EIA.M_EPLLBAN_SKR_R3B_MBBL_M,"Refining District Texas Gulf Coast Refinery Stocks of Normal Butane, Monthly",Refining District Texas Gulf Coast Refinery Stocks of Normal Butane Monthly - Thousand Barrels,True
PET.M_EPLLBAN_SKR_R3C_MBBL.M,US.OIL.EIA.M_EPLLBAN_SKR_R3C_MBBL_M,"Refining District Louisiana Gulf Coast Refinery Stocks of Normal Butane, Monthly",Refining District Louisiana Gulf Coast Refinery Stocks of Normal Butane Monthly - Thousand Barrels,True
PET.M_EPLLBAN_SKR_R3D_MBBL.M,US.OIL.EIA.M_EPLLBAN_SKR_R3D_MBBL_M,"Refining District North Louisiana-Arkansas Refinery Stocks of Normal Butane, Monthly",Refining District North Louisiana-Arkansas Refinery Stocks of Normal Butane Monthly - Thousand Barrels,True
PET.M_EPLLBAN_SKR_R3E_MBBL.M,US.OIL.EIA.M_EPLLBAN_SKR_R3E_MBBL_M,"Refining District New Mexico Refinery Stocks of Normal Butane, Monthly",Refining District New Mexico Refinery Stocks of Normal Butane Monthly - Thousand Barrels,True
PET.M_EPLLBAN_SKR_R40_MBBL.M,US.OIL.EIA.M_EPLLBAN_SKR_R40_MBBL_M,"Rocky Mountain (PADD 4) Refinery Stocks of Normal Butane, Monthly",Rocky Mountain (PADD 4) Refinery Stocks of Normal Butane Monthly - Thousand Barrels,True
PET.M_EPLLBAN_SKR_R50_MBBL.M,US.OIL.EIA.M_EPLLBAN_SKR_R50_MBBL_M,"West Coast (PADD 5) Refinery Stocks of Normal Butane, Monthly",West Coast (PADD 5) Refinery Stocks of Normal Butane Monthly - Thousand Barrels,True
PET.M_EPLLBAN_SKR_RAP_MBBL.M,US.OIL.EIA.M_EPLLBAN_SKR_RAP_MBBL_M,"Refining District Appalachian No. 1 Refinery Stocks of Normal Butane, Monthly",Refining District Appalachian No. 1 Refinery Stocks of Normal Butane Monthly - Thousand Barrels,True
PET.M_EPLLBAN_SKR_REC_MBBL.M,US.OIL.EIA.M_EPLLBAN_SKR_REC_MBBL_M,"Refining District East Coast Refinery Stocks of Normal Butane, Monthly",Refining District East Coast Refinery Stocks of Normal Butane Monthly - Thousand Barrels,True
PET.M_EPLLBYI_SKR_NUS_MBBL.M,US.OIL.EIA.M_EPLLBYI_SKR_NUS_MBBL_M,"U.S. Refinery Stocks of Isobutylene, Monthly",U.S. Refinery Stocks of Isobutylene Monthly - Thousand Barrels,True
PET.M_EPLLBYI_SKR_R10_MBBL.M,US.OIL.EIA.M_EPLLBYI_SKR_R10_MBBL_M,"East Coast (PADD 1) Refinery Stocks of Isobutylene, Monthly",East Coast (PADD 1) Refinery Stocks of Isobutylene Monthly - Thousand Barrels,True
PET.M_EPLLBYI_SKR_R20_MBBL.M,US.OIL.EIA.M_EPLLBYI_SKR_R20_MBBL_M,"Midwest (PADD 2) Refinery Stocks of Isobutylene, Monthly",Midwest (PADD 2) Refinery Stocks of Isobutylene Monthly - Thousand Barrels,True
PET.M_EPLLBYI_SKR_R2A_MBBL.M,US.OIL.EIA.M_EPLLBYI_SKR_R2A_MBBL_M,"Refining District Indiana-Illinois-Kentucky Refinery Stocks of Isobutylene, Monthly",Refining District Indiana-Illinois-Kentucky Refinery Stocks of Isobutylene Monthly - Thousand Barrels,True
PET.M_EPLLBYI_SKR_R30_MBBL.M,US.OIL.EIA.M_EPLLBYI_SKR_R30_MBBL_M,"Gulf Coast (PADD 3) Refinery Stocks of Isobutylene, Monthly",Gulf Coast (PADD 3) Refinery Stocks of Isobutylene Monthly - Thousand Barrels,True
PET.M_EPLLBYI_SKR_R3B_MBBL.M,US.OIL.EIA.M_EPLLBYI_SKR_R3B_MBBL_M,"Refining District Texas Gulf Coast Refinery Stocks of Isobutylene, Monthly",Refining District Texas Gulf Coast Refinery Stocks of Isobutylene Monthly - Thousand Barrels,True
PET.M_EPLLBYI_SKR_R3C_MBBL.M,US.OIL.EIA.M_EPLLBYI_SKR_R3C_MBBL_M,"Refining District Louisiana Gulf Coast Refinery Stocks of Isobutylene, Monthly",Refining District Louisiana Gulf Coast Refinery Stocks of Isobutylene Monthly - Thousand Barrels,True
PET.M_EPLLBYI_SKR_R40_MBBL.M,US.OIL.EIA.M_EPLLBYI_SKR_R40_MBBL_M,"Rocky Mountain (PADD 4) Refinery Stocks of Isobutylene, Monthly",Rocky Mountain (PADD 4) Refinery Stocks of Isobutylene Monthly - Thousand Barrels,True
PET.M_EPLLBYI_SKR_R50_MBBL.M,US.OIL.EIA.M_EPLLBYI_SKR_R50_MBBL_M,"West Coast (PADD 5) Refinery Stocks of Isobutylene, Monthly",West Coast (PADD 5) Refinery Stocks of Isobutylene Monthly - Thousand Barrels,True
PET.M_EPLLBYI_SKR_REC_MBBL.M,US.OIL.EIA.M_EPLLBYI_SKR_REC_MBBL_M,"Refining District East Coast Refinery Stocks of Isobutylene, Monthly",Refining District East Coast Refinery Stocks of Isobutylene Monthly - Thousand Barrels,True
PET.M_EPLLBYN_SKR_NUS_MBBL.M,US.OIL.EIA.M_EPLLBYN_SKR_NUS_MBBL_M,"U.S. Refinery Stocks of Butylene, Monthly",U.S. Refinery Stocks of Butylene Monthly - Thousand Barrels,True
PET.M_EPLLBYN_SKR_R10_MBBL.M,US.OIL.EIA.M_EPLLBYN_SKR_R10_MBBL_M,"East Coast (PADD 1) Refinery Stocks of Butylene, Monthly",East Coast (PADD 1) Refinery Stocks of Butylene Monthly - Thousand Barrels,True
PET.M_EPLLBYN_SKR_R20_MBBL.M,US.OIL.EIA.M_EPLLBYN_SKR_R20_MBBL_M,"Midwest (PADD 2) Refinery Stocks of Butylene, Monthly",Midwest (PADD 2) Refinery Stocks of Butylene Monthly - Thousand Barrels,True
PET.M_EPLLBYN_SKR_R2A_MBBL.M,US.OIL.EIA.M_EPLLBYN_SKR_R2A_MBBL_M,"Refining District Indiana-Illinois-Kentucky Refinery Stocks of Butylene, Monthly",Refining District Indiana-Illinois-Kentucky Refinery Stocks of Butylene Monthly - Thousand Barrels,True
PET.M_EPLLBYN_SKR_R2B_MBBL.M,US.OIL.EIA.M_EPLLBYN_SKR_R2B_MBBL_M,"Refining District Minnesota-Wisconsin-North Dakota-South Dakota Refinery Stocks of Butylene, Monthly",Refining District Minnesota-Wisconsin-North Dakota-South Dakota Refinery Stocks of Butylene Monthly - Thousand Barrels,True
PET.M_EPLLBYN_SKR_R2C_MBBL.M,US.OIL.EIA.M_EPLLBYN_SKR_R2C_MBBL_M,"Refining District Oklahoma-Kansas-Missouri Refinery Stocks of Butylene, Monthly",Refining District Oklahoma-Kansas-Missouri Refinery Stocks of Butylene Monthly - Thousand Barrels,True
PET.M_EPLLBYN_SKR_R30_MBBL.M,US.OIL.EIA.M_EPLLBYN_SKR_R30_MBBL_M,"Gulf Coast (PADD 3) Refinery Stocks of Butylene, Monthly",Gulf Coast (PADD 3) Refinery Stocks of Butylene Monthly - Thousand Barrels,True
PET.M_EPLLBYN_SKR_R3A_MBBL.M,US.OIL.EIA.M_EPLLBYN_SKR_R3A_MBBL_M,"Refining District Texas Inland Refinery Stocks of Butylene, Monthly",Refining District Texas Inland Refinery Stocks of Butylene Monthly - Thousand Barrels,True
PET.M_EPLLBYN_SKR_R3B_MBBL.M,US.OIL.EIA.M_EPLLBYN_SKR_R3B_MBBL_M,"Refining District Texas Gulf Coast Refinery Stocks of Butylene, Monthly",Refining District Texas Gulf Coast Refinery Stocks of Butylene Monthly - Thousand Barrels,True
PET.M_EPLLBYN_SKR_R3C_MBBL.M,US.OIL.EIA.M_EPLLBYN_SKR_R3C_MBBL_M,"Refining District Louisiana Gulf Coast Refinery Stocks of Butylene, Monthly",Refining District Louisiana Gulf Coast Refinery Stocks of Butylene Monthly - Thousand Barrels,True
PET.M_EPLLBYN_SKR_R3E_MBBL.M,US.OIL.EIA.M_EPLLBYN_SKR_R3E_MBBL_M,"Refining District New Mexico Refinery Stocks of Butylene, Monthly",Refining District New Mexico Refinery Stocks of Butylene Monthly - Thousand Barrels,True
PET.M_EPLLBYN_SKR_R40_MBBL.M,US.OIL.EIA.M_EPLLBYN_SKR_R40_MBBL_M,"Rocky Mountain (PADD 4) Refinery Stocks of Butylene, Monthly",Rocky Mountain (PADD 4) Refinery Stocks of Butylene Monthly - Thousand Barrels,True
PET.M_EPLLBYN_SKR_R50_MBBL.M,US.OIL.EIA.M_EPLLBYN_SKR_R50_MBBL_M,"West Coast (PADD 5) Refinery Stocks of Butylene, Monthly",West Coast (PADD 5) Refinery Stocks of Butylene Monthly - Thousand Barrels,True
PET.M_EPLLBYN_SKR_RAP_MBBL.M,US.OIL.EIA.M_EPLLBYN_SKR_RAP_MBBL_M,"Refining District Appalachian No. 1 Refinery Stocks of Butylene, Monthly",Refining District Appalachian No. 1 Refinery Stocks of Butylene Monthly - Thousand Barrels,True
PET.M_EPLLBYN_SKR_REC_MBBL.M,US.OIL.EIA.M_EPLLBYN_SKR_REC_MBBL_M,"Refining District East Coast Refinery Stocks of Butylene, Monthly",Refining District East Coast Refinery Stocks of Butylene Monthly - Thousand Barrels,True
PET.M_EPLLEA_SKR_NUS_MBBL.M,US.OIL.EIA.M_EPLLEA_SKR_NUS_MBBL_M,"U.S. Refinery Stocks of Ethane, Monthly",U.S. Refinery Stocks of Ethane Monthly - Thousand Barrels,True
PET.M_EPLLEA_SKR_R10_MBBL.M,US.OIL.EIA.M_EPLLEA_SKR_R10_MBBL_M,"East Coast (PADD 1) Refinery Stocks of Ethane, Monthly",East Coast (PADD 1) Refinery Stocks of Ethane Monthly - Thousand Barrels,True
PET.M_EPLLEA_SKR_R30_MBBL.M,US.OIL.EIA.M_EPLLEA_SKR_R30_MBBL_M,"Gulf Coast (PADD 3) Refinery Stocks of Ethane, Monthly",Gulf Coast (PADD 3) Refinery Stocks of Ethane Monthly - Thousand Barrels,True
PET.M_EPLLEA_SKR_R3A_MBBL.M,US.OIL.EIA.M_EPLLEA_SKR_R3A_MBBL_M,"Refining District Texas Inland Refinery Stocks of Ethane, Monthly",Refining District Texas Inland Refinery Stocks of Ethane Monthly - Thousand Barrels,True
PET.M_EPLLEA_SKR_REC_MBBL.M,US.OIL.EIA.M_EPLLEA_SKR_REC_MBBL_M,"Refining District East Coast Refinery Stocks of Ethane, Monthly",Refining District East Coast Refinery Stocks of Ethane Monthly - Thousand Barrels,True
PET.M_EPLLNG_SKR_NUS_MBBL.M,US.OIL.EIA.M_EPLLNG_SKR_NUS_MBBL_M,"U.S. Refinery Stocks of Natural Gasoline, Monthly",U.S. Refinery Stocks of Natural Gasoline Monthly - Thousand Barrels,True
PET.M_EPLLNG_SKR_R20_MBBL.M,US.OIL.EIA.M_EPLLNG_SKR_R20_MBBL_M,"Midwest (PADD 2) Refinery Stocks of Natural Gasoline, Monthly",Midwest (PADD 2) Refinery Stocks of Natural Gasoline Monthly - Thousand Barrels,True
PET.M_EPLLNG_SKR_R2A_MBBL.M,US.OIL.EIA.M_EPLLNG_SKR_R2A_MBBL_M,"Refining District Indiana-Illinois-Kentucky Refinery Stocks of Natural Gasoline, Monthly",Refining District Indiana-Illinois-Kentucky Refinery Stocks of Natural Gasoline Monthly - Thousand Barrels,True
PET.M_EPLLNG_SKR_R2B_MBBL.M,US.OIL.EIA.M_EPLLNG_SKR_R2B_MBBL_M,"Refining District Minnesota-Wisconsin-North Dakota-South Dakota Refinery Stocks of Natural Gasoline, Monthly",Refining District Minnesota-Wisconsin-North Dakota-South Dakota Refinery Stocks of Natural Gasoline Monthly - Thousand Barrels,True
PET.M_EPLLNG_SKR_R2C_MBBL.M,US.OIL.EIA.M_EPLLNG_SKR_R2C_MBBL_M,"Refining District Oklahoma-Kansas-Missouri Refinery Stocks of Natural Gasoline, Monthly",Refining District Oklahoma-Kansas-Missouri Refinery Stocks of Natural Gasoline Monthly - Thousand Barrels,True
PET.M_EPLLNG_SKR_R30_MBBL.M,US.OIL.EIA.M_EPLLNG_SKR_R30_MBBL_M,"Gulf Coast (PADD 3) Refinery Stocks of Natural Gasoline, Monthly",Gulf Coast (PADD 3) Refinery Stocks of Natural Gasoline Monthly - Thousand Barrels,True
PET.M_EPLLNG_SKR_R3A_MBBL.M,US.OIL.EIA.M_EPLLNG_SKR_R3A_MBBL_M,"Refining District Texas Inland Refinery Stocks of Natural Gasoline, Monthly",Refining District Texas Inland Refinery Stocks of Natural Gasoline Monthly - Thousand Barrels,True
PET.M_EPLLNG_SKR_R3B_MBBL.M,US.OIL.EIA.M_EPLLNG_SKR_R3B_MBBL_M,"Refining District Texas Gulf Coast Refinery Stocks of Natural Gasoline, Monthly",Refining District Texas Gulf Coast Refinery Stocks of Natural Gasoline Monthly - Thousand Barrels,True
PET.M_EPLLNG_SKR_R3C_MBBL.M,US.OIL.EIA.M_EPLLNG_SKR_R3C_MBBL_M,"Refining District Louisiana Gulf Coast Refinery Stocks of Natural Gasoline, Monthly",Refining District Louisiana Gulf Coast Refinery Stocks of Natural Gasoline Monthly - Thousand Barrels,True
PET.M_EPLLNG_SKR_R3D_MBBL.M,US.OIL.EIA.M_EPLLNG_SKR_R3D_MBBL_M,"Refining District North Louisiana-Arkansas Refinery Stocks of Natural Gasoline, Monthly",Refining District North Louisiana-Arkansas Refinery Stocks of Natural Gasoline Monthly - Thousand Barrels,True
PET.M_EPLLNG_SKR_R3E_MBBL.M,US.OIL.EIA.M_EPLLNG_SKR_R3E_MBBL_M,"Refining District New Mexico Refinery Stocks of Natural Gasoline, Monthly",Refining District New Mexico Refinery Stocks of Natural Gasoline Monthly - Thousand Barrels,True
PET.M_EPLLNG_SKR_R40_MBBL.M,US.OIL.EIA.M_EPLLNG_SKR_R40_MBBL_M,"Rocky Mountain (PADD 4) Refinery Stocks of Natural Gasoline, Monthly",Rocky Mountain (PADD 4) Refinery Stocks of Natural Gasoline Monthly - Thousand Barrels,True
PET.M_EPLLNG_SKR_R50_MBBL.M,US.OIL.EIA.M_EPLLNG_SKR_R50_MBBL_M,"West Coast (PADD 5) Refinery Stocks of Natural Gasoline, Monthly",West Coast (PADD 5) Refinery Stocks of Natural Gasoline Monthly - Thousand Barrels,True
PET.M_EPLLPA_SKR_NUS_MBBL.M,US.OIL.EIA.M_EPLLPA_SKR_NUS_MBBL_M,"U.S. Refinery Stocks of Propane, Monthly",U.S. Refinery Stocks of Propane Monthly - Thousand Barrels,True
PET.M_EPLLPA_SKR_R10_MBBL.M,US.OIL.EIA.M_EPLLPA_SKR_R10_MBBL_M,"East Coast (PADD 1) Refinery Stocks of Propane, Monthly",East Coast (PADD 1) Refinery Stocks of Propane Monthly - Thousand Barrels,True
PET.M_EPLLPA_SKR_R20_MBBL.M,US.OIL.EIA.M_EPLLPA_SKR_R20_MBBL_M,"Midwest (PADD 2) Refinery Stocks of Propane, Monthly",Midwest (PADD 2) Refinery Stocks of Propane Monthly - Thousand Barrels,True
PET.M_EPLLPA_SKR_R2A_MBBL.M,US.OIL.EIA.M_EPLLPA_SKR_R2A_MBBL_M,"Refining District Indiana-Illinois-Kentucky Refinery Stocks of Propane, Monthly",Refining District Indiana-Illinois-Kentucky Refinery Stocks of Propane Monthly - Thousand Barrels,True
PET.M_EPLLPA_SKR_R2B_MBBL.M,US.OIL.EIA.M_EPLLPA_SKR_R2B_MBBL_M,"Refining District Minnesota-Wisconsin-North Dakota-South Dakota Refinery Stocks of Propane, Monthly",Refining District Minnesota-Wisconsin-North Dakota-South Dakota Refinery Stocks of Propane Monthly - Thousand Barrels,True
PET.M_EPLLPA_SKR_R2C_MBBL.M,US.OIL.EIA.M_EPLLPA_SKR_R2C_MBBL_M,"Refining District Oklahoma-Kansas-Missouri Refinery Stocks of Propane, Monthly",Refining District Oklahoma-Kansas-Missouri Refinery Stocks of Propane Monthly - Thousand Barrels,True
PET.M_EPLLPA_SKR_R30_MBBL.M,US.OIL.EIA.M_EPLLPA_SKR_R30_MBBL_M,"Gulf Coast (PADD 3) Refinery Stocks of Propane, Monthly",Gulf Coast (PADD 3) Refinery Stocks of Propane Monthly - Thousand Barrels,True
PET.M_EPLLPA_SKR_R3A_MBBL.M,US.OIL.EIA.M_EPLLPA_SKR_R3A_MBBL_M,"Refining District Texas Inland Refinery Stocks of Propane, Monthly",Refining District Texas Inland Refinery Stocks of Propane Monthly - Thousand Barrels,True
PET.M_EPLLPA_SKR_R3B_MBBL.M,US.OIL.EIA.M_EPLLPA_SKR_R3B_MBBL_M,"Refining District Texas Gulf Coast Refinery Stocks of Propane, Monthly",Refining District Texas Gulf Coast Refinery Stocks of Propane Monthly - Thousand Barrels,True
PET.M_EPLLPA_SKR_R3C_MBBL.M,US.OIL.EIA.M_EPLLPA_SKR_R3C_MBBL_M,"Refining District Louisiana Gulf Coast Refinery Stocks of Propane, Monthly",Refining District Louisiana Gulf Coast Refinery Stocks of Propane Monthly - Thousand Barrels,True
PET.M_EPLLPA_SKR_R3D_MBBL.M,US.OIL.EIA.M_EPLLPA_SKR_R3D_MBBL_M,"Refining District North Louisiana-Arkansas Refinery Stocks of Propane, Monthly",Refining District North Louisiana-Arkansas Refinery Stocks of Propane Monthly - Thousand Barrels,True
PET.M_EPLLPA_SKR_R3E_MBBL.M,US.OIL.EIA.M_EPLLPA_SKR_R3E_MBBL_M,"Refining District New Mexico Refinery Stocks of Propane, Monthly",Refining District New Mexico Refinery Stocks of Propane Monthly - Thousand Barrels,True
PET.M_EPLLPA_SKR_R40_MBBL.M,US.OIL.EIA.M_EPLLPA_SKR_R40_MBBL_M,"Rocky Mountain (PADD 4) Refinery Stocks of Propane, Monthly",Rocky Mountain (PADD 4) Refinery Stocks of Propane Monthly - Thousand Barrels,True
PET.M_EPLLPA_SKR_R50_MBBL.M,US.OIL.EIA.M_EPLLPA_SKR_R50_MBBL_M,"West Coast (PADD 5) Refinery Stocks of Propane, Monthly",West Coast (PADD 5) Refinery Stocks of Propane Monthly - Thousand Barrels,True
PET.M_EPLLPA_SKR_RAP_MBBL.M,US.OIL.EIA.M_EPLLPA_SKR_RAP_MBBL_M,"Refining District Appalachian No. 1 Refinery Stocks of Propane, Monthly",Refining District Appalachian No. 1 Refinery Stocks of Propane Monthly - Thousand Barrels,True
PET.M_EPLLPA_SKR_REC_MBBL.M,US.OIL.EIA.M_EPLLPA_SKR_REC_MBBL_M,"Refining District East Coast Refinery Stocks of Propane, Monthly",Refining District East Coast Refinery Stocks of Propane Monthly - Thousand Barrels,True
PET.M_EPLLPY_SKR_NUS_MBBL.M,US.OIL.EIA.M_EPLLPY_SKR_NUS_MBBL_M,"U.S. Refinery Stocks of Propylene, Monthly",U.S. Refinery Stocks of Propylene Monthly - Thousand Barrels,True
PET.M_EPLLPY_SKR_R10_MBBL.M,US.OIL.EIA.M_EPLLPY_SKR_R10_MBBL_M,"East Coast (PADD 1) Refinery Stocks of Propylene, Monthly",East Coast (PADD 1) Refinery Stocks of Propylene Monthly - Thousand Barrels,True
PET.M_EPLLPY_SKR_R20_MBBL.M,US.OIL.EIA.M_EPLLPY_SKR_R20_MBBL_M,"Midwest (PADD 2) Refinery Stocks of Propylene, Monthly",Midwest (PADD 2) Refinery Stocks of Propylene Monthly - Thousand Barrels,True
PET.M_EPLLPY_SKR_R2A_MBBL.M,US.OIL.EIA.M_EPLLPY_SKR_R2A_MBBL_M,"Refining District Indiana-Illinois-Kentucky Refinery Stocks of Propylene, Monthly",Refining District Indiana-Illinois-Kentucky Refinery Stocks of Propylene Monthly - Thousand Barrels,True
PET.M_EPLLPY_SKR_R2B_MBBL.M,US.OIL.EIA.M_EPLLPY_SKR_R2B_MBBL_M,"Refining District Minnesota-Wisconsin-North Dakota-South Dakota Refinery Stocks of Propylene, Monthly",Refining District Minnesota-Wisconsin-North Dakota-South Dakota Refinery Stocks of Propylene Monthly - Thousand Barrels,True
PET.M_EPLLPY_SKR_R2C_MBBL.M,US.OIL.EIA.M_EPLLPY_SKR_R2C_MBBL_M,"Refining District Oklahoma-Kansas-Missouri Refinery Stocks of Propylene, Monthly",Refining District Oklahoma-Kansas-Missouri Refinery Stocks of Propylene Monthly - Thousand Barrels,True
PET.M_EPLLPY_SKR_R30_MBBL.M,US.OIL.EIA.M_EPLLPY_SKR_R30_MBBL_M,"Gulf Coast (PADD 3) Refinery Stocks of Propylene, Monthly",Gulf Coast (PADD 3) Refinery Stocks of Propylene Monthly - Thousand Barrels,True
PET.M_EPLLPY_SKR_R3A_MBBL.M,US.OIL.EIA.M_EPLLPY_SKR_R3A_MBBL_M,"Refining District Texas Inland Refinery Stocks of Propylene, Monthly",Refining District Texas Inland Refinery Stocks of Propylene Monthly - Thousand Barrels,True
PET.M_EPLLPY_SKR_R3B_MBBL.M,US.OIL.EIA.M_EPLLPY_SKR_R3B_MBBL_M,"Refining District Texas Gulf Coast Refinery Stocks of Propylene, Monthly",Refining District Texas Gulf Coast Refinery Stocks of Propylene Monthly - Thousand Barrels,True
PET.M_EPLLPY_SKR_R3C_MBBL.M,US.OIL.EIA.M_EPLLPY_SKR_R3C_MBBL_M,"Refining District Louisiana Gulf Coast Refinery Stocks of Propylene, Monthly",Refining District Louisiana Gulf Coast Refinery Stocks of Propylene Monthly - Thousand Barrels,True
PET.M_EPLLPY_SKR_R3D_MBBL.M,US.OIL.EIA.M_EPLLPY_SKR_R3D_MBBL_M,"Refining District North Louisiana-Arkansas Refinery Stocks of Propylene, Monthly",Refining District North Louisiana-Arkansas Refinery Stocks of Propylene Monthly - Thousand Barrels,True
PET.M_EPLLPY_SKR_R40_MBBL.M,US.OIL.EIA.M_EPLLPY_SKR_R40_MBBL_M,"Rocky Mountain (PADD 4) Refinery Stocks of Propylene, Monthly",Rocky Mountain (PADD 4) Refinery Stocks of Propylene Monthly - Thousand Barrels,True
PET.M_EPLLPY_SKR_R50_MBBL.M,US.OIL.EIA.M_EPLLPY_SKR_R50_MBBL_M,"West Coast (PADD 5) Refinery Stocks of Propylene, Monthly",West Coast (PADD 5) Refinery Stocks of Propylene Monthly - Thousand Barrels,True
PET.M_EPLLPY_SKR_REC_MBBL.M,US.OIL.EIA.M_EPLLPY_SKR_REC_MBBL_M,"Refining District East Coast Refinery Stocks of Propylene, Monthly",Refining District East Coast Refinery Stocks of Propylene Monthly - Thousand Barrels,True
PET.M_EPLOLE_SKR_NUS_MBBL.M,US.OIL.EIA.M_EPLOLE_SKR_NUS_MBBL_M,"U.S. Refinery Stocks of Refinery Olefins, Monthly",U.S. Refinery Stocks of Refinery Olefins Monthly - Thousand Barrels,True
PET.M_EPLOLE_SKR_R10_MBBL.M,US.OIL.EIA.M_EPLOLE_SKR_R10_MBBL_M,"East Coast (PADD 1) Refinery Stocks of Refinery Olefins, Monthly",East Coast (PADD 1) Refinery Stocks of Refinery Olefins Monthly - Thousand Barrels,True
PET.M_EPLOLE_SKR_R20_MBBL.M,US.OIL.EIA.M_EPLOLE_SKR_R20_MBBL_M,"Midwest (PADD 2) Refinery Stocks of Refinery Olefins, Monthly",Midwest (PADD 2) Refinery Stocks of Refinery Olefins Monthly - Thousand Barrels,True
PET.M_EPLOLE_SKR_R2A_MBBL.M,US.OIL.EIA.M_EPLOLE_SKR_R2A_MBBL_M,"Refining District Indiana-Illinois-Kentucky Refinery Stocks of Refinery Olefins, Monthly",Refining District Indiana-Illinois-Kentucky Refinery Stocks of Refinery Olefins Monthly - Thousand Barrels,True
PET.M_EPLOLE_SKR_R2B_MBBL.M,US.OIL.EIA.M_EPLOLE_SKR_R2B_MBBL_M,"Refining District Minnesota-Wisconsin-North Dakota-South Dakota Refinery Stocks of Refinery Olefins, Monthly",Refining District Minnesota-Wisconsin-North Dakota-South Dakota Refinery Stocks of Refinery Olefins Monthly - Thousand Barrels,True
PET.M_EPLOLE_SKR_R2C_MBBL.M,US.OIL.EIA.M_EPLOLE_SKR_R2C_MBBL_M,"Refining District Oklahoma-Kansas-Missouri Refinery Stocks of Refinery Olefins, Monthly",Refining District Oklahoma-Kansas-Missouri Refinery Stocks of Refinery Olefins Monthly - Thousand Barrels,True
PET.M_EPLOLE_SKR_R30_MBBL.M,US.OIL.EIA.M_EPLOLE_SKR_R30_MBBL_M,"Gulf Coast (PADD 3) Refinery Stocks of Refinery Olefins, Monthly",Gulf Coast (PADD 3) Refinery Stocks of Refinery Olefins Monthly - Thousand Barrels,True
PET.M_EPLOLE_SKR_R3A_MBBL.M,US.OIL.EIA.M_EPLOLE_SKR_R3A_MBBL_M,"Refining District Texas Inland Refinery Stocks of Refinery Olefins, Monthly",Refining District Texas Inland Refinery Stocks of Refinery Olefins Monthly - Thousand Barrels,True
PET.M_EPLOLE_SKR_R3B_MBBL.M,US.OIL.EIA.M_EPLOLE_SKR_R3B_MBBL_M,"Refining District Texas Gulf Coast Refinery Stocks of Refinery Olefins, Monthly",Refining District Texas Gulf Coast Refinery Stocks of Refinery Olefins Monthly - Thousand Barrels,True
PET.M_EPLOLE_SKR_R3C_MBBL.M,US.OIL.EIA.M_EPLOLE_SKR_R3C_MBBL_M,"Refining District Louisiana Gulf Coast Refinery Stocks of Refinery Olefins, Monthly",Refining District Louisiana Gulf Coast Refinery Stocks of Refinery Olefins Monthly - Thousand Barrels,True
PET.M_EPLOLE_SKR_R3D_MBBL.M,US.OIL.EIA.M_EPLOLE_SKR_R3D_MBBL_M,"Refining District North Louisiana-Arkansas Refinery Stocks of Refinery Olefins, Monthly",Refining District North Louisiana-Arkansas Refinery Stocks of Refinery Olefins Monthly - Thousand Barrels,True
PET.M_EPLOLE_SKR_R3E_MBBL.M,US.OIL.EIA.M_EPLOLE_SKR_R3E_MBBL_M,"Refining District New Mexico Refinery Stocks of Refinery Olefins, Monthly",Refining District New Mexico Refinery Stocks of Refinery Olefins Monthly - Thousand Barrels,True
PET.M_EPLOLE_SKR_R40_MBBL.M,US.OIL.EIA.M_EPLOLE_SKR_R40_MBBL_M,"Rocky Mountain (PADD 4) Refinery Stocks of Refinery Olefins, Monthly",Rocky Mountain (PADD 4) Refinery Stocks of Refinery Olefins Monthly - Thousand Barrels,True
PET.M_EPLOLE_SKR_R50_MBBL.M,US.OIL.EIA.M_EPLOLE_SKR_R50_MBBL_M,"West Coast (PADD 5) Refinery Stocks of Refinery Olefins, Monthly",West Coast (PADD 5) Refinery Stocks of Refinery Olefins Monthly - Thousand Barrels,True
PET.M_EPLOLE_SKR_RAP_MBBL.M,US.OIL.EIA.M_EPLOLE_SKR_RAP_MBBL_M,"Refining District Appalachian No. 1 Refinery Stocks of Refinery Olefins, Monthly",Refining District Appalachian No. 1 Refinery Stocks of Refinery Olefins Monthly - Thousand Barrels,True
PET.M_EPLOLE_SKR_REC_MBBL.M,US.OIL.EIA.M_EPLOLE_SKR_REC_MBBL_M,"Refining District East Coast Refinery Stocks of Refinery Olefins, Monthly",Refining District East Coast Refinery Stocks of Refinery Olefins Monthly - Thousand Barrels,True
PET.M_EPM0CAL55_SKR_NUS_MBBL.M,US.OIL.EIA.M_EPM0CAL55_SKR_NUS_MBBL_M,"U.S.Motor Gasoline, Finished, Conventional, Ed55 and LowerStocks at Refineries, Monthly","U.S. Motor Gasoline, Finished, Conventional, Ed55 and Lower Stocks at Refineries Monthly - Thousand Barrels",False
PET.M_EPM0CAL55_SKR_R40_MBBL.M,US.OIL.EIA.M_EPM0CAL55_SKR_R40_MBBL_M,"Rocky Mountain (PADD IV)Motor Gasoline, Finished, Conventional, Ed55 and LowerStocks at Refineries, Monthly","Rocky Mountain (PADD 4) Motor Gasoline, Finished, Conventional, Ed55 and Lower Stocks at Refineries Monthly - Thousand Barrels",False
PET.M_EPM0RO_SKR_NUS_MBBL.M,US.OIL.EIA.M_EPM0RO_SKR_NUS_MBBL_M,"U.S.Other Reformulated Motor Gasoline Stocks at Refineries, Monthly",U.S. Other Reformulated Motor Gasoline Stocks at Refineries Monthly - Thousand Barrels,False
PET.M_EPM0RO_SKR_R30_MBBL.M,US.OIL.EIA.M_EPM0RO_SKR_R30_MBBL_M,"Gulf Coast (PADD 3) Other Reformulated Motor Gasoline Stocks at Refineries, Monthly",Gulf Coast (PADD 3) Other Reformulated Motor Gasoline Stocks at Refineries Monthly - Thousand Barrels,True
PET.M_EPM0RO_SKR_R3A_MBBL.M,US.OIL.EIA.M_EPM0RO_SKR_R3A_MBBL_M,"Ref District Texas InlandOther Reformulated Motor Gasoline Stocks at Refineries, Monthly",Refining District Texas Inland Other Reformulated Motor Gasoline Stocks at Refineries Monthly - Thousand Barrels,False
PET.M_EPM0RO_SKR_R50_MBBL.M,US.OIL.EIA.M_EPM0RO_SKR_R50_MBBL_M,"West Coast (PADD 5) Other Reformulated Motor Gasoline Stocks at Refineries, Monthly",West Coast (PADD 5) Other Reformulated Motor Gasoline Stocks at Refineries Monthly - Thousand Barrels,True
PET.M_EPOBGRR_SKR_NUS_MBBL.M,US.OIL.EIA.M_EPOBGRR_SKR_NUS_MBBL_M,"U.S.Motor Gasoline Blending Components, RBOBStocks at Refineries, Monthly","U.S. Motor Gasoline Blending Components, RBOB Stocks at Refineries Monthly - Thousand Barrels",False
PET.M_EPOBGRR_SKR_R10_MBBL.M,US.OIL.EIA.M_EPOBGRR_SKR_R10_MBBL_M,"East Coast (PADD I)Motor Gasoline Blending Components, RBOBStocks at Refineries, Monthly","East Coast (PADD 1) Motor Gasoline Blending Components, RBOB Stocks at Refineries Monthly - Thousand Barrels",False
PET.M_EPOBGRR_SKR_R20_MBBL.M,US.OIL.EIA.M_EPOBGRR_SKR_R20_MBBL_M,"Midwest (PADD II)Motor Gasoline Blending Components, RBOBStocks at Refineries, Monthly","Midwest (PADD 2) Motor Gasoline Blending Components, RBOB Stocks at Refineries Monthly - Thousand Barrels",False
PET.M_EPOBGRR_SKR_R2A_MBBL.M,US.OIL.EIA.M_EPOBGRR_SKR_R2A_MBBL_M,"Ref District Indiana-Illinois-KentuckyMotor Gasoline Blending Components, RBOBStocks at Refineries, Monthly","Refining District Indiana-Illinois-Kentucky Motor Gasoline Blending Components, RBOB Stocks at Refineries Monthly - Thousand Barrels",False
PET.M_EPOBGRR_SKR_R2B_MBBL.M,US.OIL.EIA.M_EPOBGRR_SKR_R2B_MBBL_M,"Ref District Minnesota-Wisconsin N.&S.DakotaMotor Gasoline Blending Components, RBOBStocks at Refineries, Monthly","Refining District Minnesota-Wisconsin N.&S. Dakota Motor Gasoline Blending Components, RBOB Stocks at Refineries Monthly - Thousand Barrels",False
PET.M_EPOBGRR_SKR_R2C_MBBL.M,US.OIL.EIA.M_EPOBGRR_SKR_R2C_MBBL_M,"Ref District Oklahoma-Kansas-MissouriMotor Gasoline Blending Components, RBOBStocks at Refineries, Monthly","Refining District Oklahoma-Kansas-Missouri Motor Gasoline Blending Components, RBOB Stocks at Refineries Monthly - Thousand Barrels",False
PET.M_EPOBGRR_SKR_R30_MBBL.M,US.OIL.EIA.M_EPOBGRR_SKR_R30_MBBL_M,"Gulf Coast (PADD III)Motor Gasoline Blending Components, RBOBStocks at Refineries, Monthly","Gulf Coast (PADD 3)Motor Gasoline Blending Components, RBOB Stocks at Refineries Monthly - Thousand Barrels",False
PET.M_EPOBGRR_SKR_R3A_MBBL.M,US.OIL.EIA.M_EPOBGRR_SKR_R3A_MBBL_M,"Ref District Texas InlandMotor Gasoline Blending Components, RBOBStocks at Refineries, Monthly","Refining District Texas Inland Motor Gasoline Blending Components, RBOB Stocks at Refineries Monthly - Thousand Barrels",False
PET.M_EPOBGRR_SKR_R3B_MBBL.M,US.OIL.EIA.M_EPOBGRR_SKR_R3B_MBBL_M,"Ref District Texas Gulf CoastMotor Gasoline Blending Components, RBOBStocks at Refineries, Monthly","Refining District Texas Gulf Coast Motor Gasoline Blending Components, RBOB Stocks at Refineries Monthly - Thousand Barrels",False
PET.M_EPOBGRR_SKR_R3C_MBBL.M,US.OIL.EIA.M_EPOBGRR_SKR_R3C_MBBL_M,"Ref District Louisiana Gulf CoastMotor Gasoline Blending Components, RBOBStocks at Refineries, Monthly","Refining District Louisiana Gulf Coast Motor Gasoline Blending Components, RBOB Stocks at Refineries Monthly - Thousand Barrels",False
PET.M_EPOBGRR_SKR_R50_MBBL.M,US.OIL.EIA.M_EPOBGRR_SKR_R50_MBBL_M,"West Coast (PADD V)Motor Gasoline Blending Components, RBOBStocks at Refineries, Monthly","West Coast (PADD 5) Motor Gasoline Blending Components, RBOB Stocks at Refineries Monthly - Thousand Barrels",False
PET.M_EPOBGRR_SKR_REC_MBBL.M,US.OIL.EIA.M_EPOBGRR_SKR_REC_MBBL_M,"East CoastMotor Gasoline Blending Components, RBOBStocks at Refineries, Monthly","East Coast Motor Gasoline Blending Components, RBOB Stocks at Refineries Monthly - Thousand Barrels",False
PET.M_EPOBV_SKR_R2B_MBBL.M,US.OIL.EIA.M_EPOBV_SKR_R2B_MBBL_M,"Refining District Minnesota-Wisconsin-North Dakota-South Dakota Aviation Gasoline Blending Components Stocks at Refineries, Monthly",Refining District Minnesota-Wisconsin-North Dakota-South Dakota Aviation Gasoline Blending Components Stocks at Refineries Monthly - Thousand Barrels,True
PET.M_EPOOOXH_SKR_NUS_MBBL.M,US.OIL.EIA.M_EPOOOXH_SKR_NUS_MBBL_M,"U.S. Other Hydrocarbons Stocks at Refineries, Monthly",U.S. Other Hydrocarbons Stocks at Refineries Monthly - Thousand Barrels,True
PET.M_EPOOOXH_SKR_R20_MBBL.M,US.OIL.EIA.M_EPOOOXH_SKR_R20_MBBL_M,"Midwest (PADD 2) Other Hydrocarbons Stocks at Refineries, Monthly",Midwest (PADD 2) Other Hydrocarbons Stocks at Refineries Monthly - Thousand Barrels,True
PET.M_EPOOOXH_SKR_R2A_MBBL.M,US.OIL.EIA.M_EPOOOXH_SKR_R2A_MBBL_M,"Refining District Indiana-Illinois-Kentucky Other Hydrocarbons Stocks at Refineries, Monthly",Refining District Indiana-Illinois-Kentucky Other Hydrocarbons Stocks at Refineries Monthly - Thousand Barrels,True
PET.M_EPOOOXH_SKR_R30_MBBL.M,US.OIL.EIA.M_EPOOOXH_SKR_R30_MBBL_M,"Gulf Coast (PADD 3) Other Hydrocarbons Stocks at Refineries, Monthly",Gulf Coast (PADD 3) Other Hydrocarbons Stocks at Refineries Monthly - Thousand Barrels,True
PET.M_EPOOOXH_SKR_R3C_MBBL.M,US.OIL.EIA.M_EPOOOXH_SKR_R3C_MBBL_M,"Refining District Louisiana Gulf Coast Other Hydrocarbons Stocks at Refineries, Monthly",Refining District Louisiana Gulf Coast Other Hydrocarbons Stocks at Refineries Monthly - Thousand Barrels,True
PET.M_EPOOOXH_SKR_R50_MBBL.M,US.OIL.EIA.M_EPOOOXH_SKR_R50_MBBL_M,"West Coast (PADD 5) Other Hydrocarbons Stocks at Refineries, Monthly",West Coast (PADD 5) Other Hydrocarbons Stocks at Refineries Monthly - Thousand Barrels,True
PET.M_EPOOR_SKR_NUS_MBBL.M,US.OIL.EIA.M_EPOOR_SKR_NUS_MBBL_M,"U.S. Renewable Fuels (including Fuel Ethanol) Stocks at Refineries, Monthly",U.S. Renewable Fuels (including Fuel Ethanol) Stocks at Refineries Monthly - Thousand Barrels,True
PET.M_EPOOR_SKR_R10_MBBL.M,US.OIL.EIA.M_EPOOR_SKR_R10_MBBL_M,"East Coast (PADD 1) Renewable Fuels (including Fuel Ethanol) Stocks at Refineries, Monthly",East Coast (PADD 1) Renewable Fuels (including Fuel Ethanol) Stocks at Refineries Monthly - Thousand Barrels,True
PET.M_EPOOR_SKR_R20_MBBL.M,US.OIL.EIA.M_EPOOR_SKR_R20_MBBL_M,"Midwest (PADD 2) Renewable Fuels (including Fuel Ethanol) Stocks at Refineries, Monthly",Midwest (PADD 2) Renewable Fuels (including Fuel Ethanol) Stocks at Refineries Monthly - Thousand Barrels,True
PET.M_EPOOR_SKR_R2A_MBBL.M,US.OIL.EIA.M_EPOOR_SKR_R2A_MBBL_M,"Refining District Indiana-Illinois-Kentucky Renewable Fuels (including Fuel Ethanol) Stocks at Refineries, Monthly",Refining District Indiana-Illinois-Kentucky Renewable Fuels (including Fuel Ethanol) Stocks at Refineries Monthly - Thousand Barrels,True
PET.M_EPOOR_SKR_R2B_MBBL.M,US.OIL.EIA.M_EPOOR_SKR_R2B_MBBL_M,"Refining District Minnesota-Wisconsin-North Dakota-South Dakota Renewable Fuels (including Fuel Ethanol) Stocks at Refineries, Monthly",Refining District Minnesota-Wisconsin-North Dakota-South Dakota Renewable Fuels (including Fuel Ethanol) Stocks at Refineries Monthly - Thousand Barrels,True
PET.M_EPOOR_SKR_R2C_MBBL.M,US.OIL.EIA.M_EPOOR_SKR_R2C_MBBL_M,"Refining District Oklahoma-Kansas-Missouri Renewable Fuels (including Fuel Ethanol) Stocks at Refineries, Monthly",Refining District Oklahoma-Kansas-Missouri Renewable Fuels (including Fuel Ethanol) Stocks at Refineries Monthly - Thousand Barrels,True
PET.M_EPOOR_SKR_R30_MBBL.M,US.OIL.EIA.M_EPOOR_SKR_R30_MBBL_M,"Gulf Coast (PADD 3) Renewable Fuels (including Fuel Ethanol) Stocks at Refineries, Monthly",Gulf Coast (PADD 3) Renewable Fuels (including Fuel Ethanol) Stocks at Refineries Monthly - Thousand Barrels,True
PET.M_EPOOR_SKR_R3A_MBBL.M,US.OIL.EIA.M_EPOOR_SKR_R3A_MBBL_M,"Refining District Texas Inland Renewable Fuels (including Fuel Ethanol) Stocks at Refineries, Monthly",Refining District Texas Inland Renewable Fuels (including Fuel Ethanol) Stocks at Refineries Monthly - Thousand Barrels,True
PET.M_EPOOR_SKR_R3B_MBBL.M,US.OIL.EIA.M_EPOOR_SKR_R3B_MBBL_M,"Refining District Texas Gulf Coast Renewable Fuels (including Fuel Ethanol) Stocks at Refineries, Monthly",Refining District Texas Gulf Coast Renewable Fuels (including Fuel Ethanol) Stocks at Refineries Monthly - Thousand Barrels,True
PET.M_EPOOR_SKR_R3C_MBBL.M,US.OIL.EIA.M_EPOOR_SKR_R3C_MBBL_M,"Refining District Louisiana Gulf Coast Renewable Fuels (including Fuel Ethanol) Stocks at Refineries, Monthly",Refining District Louisiana Gulf Coast Renewable Fuels (including Fuel Ethanol) Stocks at Refineries Monthly - Thousand Barrels,True
PET.M_EPOOR_SKR_R3D_MBBL.M,US.OIL.EIA.M_EPOOR_SKR_R3D_MBBL_M,"Refining District North Louisiana-Arkansas Renewable Fuels (including Fuel Ethanol) Stocks at Refineries, Monthly",Refining District North Louisiana-Arkansas Renewable Fuels (including Fuel Ethanol) Stocks at Refineries Monthly - Thousand Barrels,True
PET.M_EPOOR_SKR_R3E_MBBL.M,US.OIL.EIA.M_EPOOR_SKR_R3E_MBBL_M,"Refining District New Mexico Renewable Fuels (including Fuel Ethanol) Stocks at Refineries, Monthly",Refining District New Mexico Renewable Fuels (including Fuel Ethanol) Stocks at Refineries Monthly - Thousand Barrels,True
PET.M_EPOOR_SKR_R40_MBBL.M,US.OIL.EIA.M_EPOOR_SKR_R40_MBBL_M,"Rocky Mountain (PADD 4) Renewable Fuels (including Fuel Ethanol) Stocks at Refineries, Monthly",Rocky Mountain (PADD 4) Renewable Fuels (including Fuel Ethanol) Stocks at Refineries Monthly - Thousand Barrels,True
PET.M_EPOOR_SKR_R50_MBBL.M,US.OIL.EIA.M_EPOOR_SKR_R50_MBBL_M,"West Coast (PADD 5) Renewable Fuels (including Fuel Ethanol) Stocks at Refineries, Monthly",West Coast (PADD 5) Renewable Fuels (including Fuel Ethanol) Stocks at Refineries Monthly - Thousand Barrels,True
PET.M_EPOOR_SKR_RAP_MBBL.M,US.OIL.EIA.M_EPOOR_SKR_RAP_MBBL_M,"Refining District Appalachian No. 1 Renewable Fuels (including Fuel Ethanol) Stocks at Refineries, Monthly",Refining District Appalachian No. 1 Renewable Fuels (including Fuel Ethanol) Stocks at Refineries Monthly - Thousand Barrels,True
PET.M_EPOOR_SKR_REC_MBBL.M,US.OIL.EIA.M_EPOOR_SKR_REC_MBBL_M,"Refining District East Coast Renewable Fuels (including Fuel Ethanol) Stocks at Refineries, Monthly",Refining District East Coast Renewable Fuels (including Fuel Ethanol) Stocks at Refineries Monthly - Thousand Barrels,True
PET.M_EPOORD_SKR_NUS_MBBL.M,US.OIL.EIA.M_EPOORD_SKR_NUS_MBBL_M,"U.S. Renewable Diesel Fuel Stocks at Refineries, Monthly",U.S. Renewable Diesel Fuel Stocks at Refineries Monthly - Thousand Barrels,True
PET.M_EPOORD_SKR_R10_MBBL.M,US.OIL.EIA.M_EPOORD_SKR_R10_MBBL_M,"East Coast (PADD 1) Renewable Diesel Fuel Stocks at Refineries, Monthly",East Coast (PADD 1) Renewable Diesel Fuel Stocks at Refineries Monthly - Thousand Barrels,True
PET.M_EPOORD_SKR_R20_MBBL.M,US.OIL.EIA.M_EPOORD_SKR_R20_MBBL_M,"Midwest (PADD 2) Renewable Diesel Fuel Stocks at Refineries, Monthly",Midwest (PADD 2) Renewable Diesel Fuel Stocks at Refineries Monthly - Thousand Barrels,True
PET.M_EPOORD_SKR_R2A_MBBL.M,US.OIL.EIA.M_EPOORD_SKR_R2A_MBBL_M,"Refining District Indiana-Illinois-Kentucky Renewable Diesel Fuel Stocks at Refineries, Monthly",Refining District Indiana-Illinois-Kentucky Renewable Diesel Fuel Stocks at Refineries Monthly - Thousand Barrels,True
PET.M_EPOORD_SKR_R2B_MBBL.M,US.OIL.EIA.M_EPOORD_SKR_R2B_MBBL_M,"Refining District Minnesota-Wisconsin-North Dakota-South Dakota Renewable Diesel Fuel Stocks at Refineries, Monthly",Refining District Minnesota-Wisconsin-North Dakota-South Dakota Renewable Diesel Fuel Stocks at Refineries Monthly - Thousand Barrels,True
PET.M_EPOORD_SKR_R2C_MBBL.M,US.OIL.EIA.M_EPOORD_SKR_R2C_MBBL_M,"Refining District Oklahoma-Kansas-Missouri Renewable Diesel Fuel Stocks at Refineries, Monthly",Refining District Oklahoma-Kansas-Missouri Renewable Diesel Fuel Stocks at Refineries Monthly - Thousand Barrels,True
PET.M_EPOORD_SKR_R30_MBBL.M,US.OIL.EIA.M_EPOORD_SKR_R30_MBBL_M,"Gulf Coast (PADD 3) Renewable Diesel Fuel Stocks at Refineries, Monthly",Gulf Coast (PADD 3) Renewable Diesel Fuel Stocks at Refineries Monthly - Thousand Barrels,True
PET.M_EPOORD_SKR_R3A_MBBL.M,US.OIL.EIA.M_EPOORD_SKR_R3A_MBBL_M,"Refining District Texas Inland Renewable Diesel Fuel Stocks at Refineries, Monthly",Refining District Texas Inland Renewable Diesel Fuel Stocks at Refineries Monthly - Thousand Barrels,True
PET.M_EPOORD_SKR_R3B_MBBL.M,US.OIL.EIA.M_EPOORD_SKR_R3B_MBBL_M,"Refining District Texas Gulf Coast Renewable Diesel Fuel Stocks at Refineries, Monthly",Refining District Texas Gulf Coast Renewable Diesel Fuel Stocks at Refineries Monthly - Thousand Barrels,True
PET.M_EPOORD_SKR_R3C_MBBL.M,US.OIL.EIA.M_EPOORD_SKR_R3C_MBBL_M,"Refining District Louisiana Gulf Coast Renewable Diesel Fuel Stocks at Refineries, Monthly",Refining District Louisiana Gulf Coast Renewable Diesel Fuel Stocks at Refineries Monthly - Thousand Barrels,True
PET.M_EPOORD_SKR_R3D_MBBL.M,US.OIL.EIA.M_EPOORD_SKR_R3D_MBBL_M,"Refining District North Louisiana-Arkansas Renewable Diesel Fuel Stocks at Refineries, Monthly",Refining District North Louisiana-Arkansas Renewable Diesel Fuel Stocks at Refineries Monthly - Thousand Barrels,True
PET.M_EPOORD_SKR_R3E_MBBL.M,US.OIL.EIA.M_EPOORD_SKR_R3E_MBBL_M,"Refining District New Mexico Renewable Diesel Fuel Stocks at Refineries, Monthly",Refining District New Mexico Renewable Diesel Fuel Stocks at Refineries Monthly - Thousand Barrels,True
PET.M_EPOORD_SKR_R40_MBBL.M,US.OIL.EIA.M_EPOORD_SKR_R40_MBBL_M,"Rocky Mountain (PADD 4) Renewable Diesel Fuel Stocks at Refineries, Monthly",Rocky Mountain (PADD 4) Renewable Diesel Fuel Stocks at Refineries Monthly - Thousand Barrels,True
PET.M_EPOORD_SKR_R50_MBBL.M,US.OIL.EIA.M_EPOORD_SKR_R50_MBBL_M,"West Coast (PADD 5) Renewable Diesel Fuel Stocks at Refineries, Monthly",West Coast (PADD 5) Renewable Diesel Fuel Stocks at Refineries Monthly - Thousand Barrels,True
PET.M_EPOORD_SKR_RAP_MBBL.M,US.OIL.EIA.M_EPOORD_SKR_RAP_MBBL_M,"Refining District Appalachian No. 1 Renewable Diesel Fuel Stocks at Refineries, Monthly",Refining District Appalachian No. 1 Renewable Diesel Fuel Stocks at Refineries Monthly - Thousand Barrels,True
PET.M_EPOORO_SKR_NUS_MBBL.M,US.OIL.EIA.M_EPOORO_SKR_NUS_MBBL_M,"U.S. Other Renewable Fuels Stocks at Refineries, Monthly",U.S. Other Renewable Fuels Stocks at Refineries Monthly - Thousand Barrels,True
PET.M_EPOORO_SKR_R30_MBBL.M,US.OIL.EIA.M_EPOORO_SKR_R30_MBBL_M,"Gulf Coast (PADD 3) Other Renewable Fuels Stocks at Refineries, Monthly",Gulf Coast (PADD 3) Other Renewable Fuels Stocks at Refineries Monthly - Thousand Barrels,True
PET.M_EPOORO_SKR_R3D_MBBL.M,US.OIL.EIA.M_EPOORO_SKR_R3D_MBBL_M,"Refining District North Louisiana-Arkansas Other Renewable Fuels Stocks at Refineries, Monthly",Refining District North Louisiana-Arkansas Other Renewable Fuels Stocks at Refineries Monthly - Thousand Barrels,True
PET.M_EPOORO_SKR_R50_MBBL.M,US.OIL.EIA.M_EPOORO_SKR_R50_MBBL_M,"West Coast (PADD 5) Other Renewable Fuels Stocks at Refineries, Monthly",West Coast (PADD 5) Other Renewable Fuels Stocks at Refineries Monthly - Thousand Barrels,True
PET.M_EPOOXE_SKR_R3D_MBBL.M,US.OIL.EIA.M_EPOOXE_SKR_R3D_MBBL_M,"Refining District North Louisiana-Arkansas Fuel Ethanol Stocks at Refineries, Monthly",Refining District North Louisiana-Arkansas Fuel Ethanol Stocks at Refineries Monthly - Thousand Barrels,True
PET.M_EPOOXE_SKR_RAP_MBBL.M,US.OIL.EIA.M_EPOOXE_SKR_RAP_MBBL_M,"Refining District Appalachian No. 1 Fuel Ethanol Stocks at Refineries, Monthly",Refining District Appalachian No. 1 Fuel Ethanol Stocks at Refineries Monthly - Thousand Barrels,True
PET.M_EPOOXXFE_SKR_NUS_MBBL.M,US.OIL.EIA.M_EPOOXXFE_SKR_NUS_MBBL_M,"U.S. Oxygenates (excluding Fuel Ethanol) Stocks at Refineries, Monthly",U.S. Oxygenates (excluding Fuel Ethanol) Stocks at Refineries Monthly - Thousand Barrels,True
PET.M_EPOOXXFE_SKR_R30_MBBL.M,US.OIL.EIA.M_EPOOXXFE_SKR_R30_MBBL_M,"Gulf Coast (PADD 3) Oxygenates (excluding Fuel Ethanol) Stocks at Refineries, Monthly",Gulf Coast (PADD 3) Oxygenates (excluding Fuel Ethanol) Stocks at Refineries Monthly - Thousand Barrels,True
PET.M_EPOOXXFE_SKR_R3B_MBBL.M,US.OIL.EIA.M_EPOOXXFE_SKR_R3B_MBBL_M,"Refining District Texas Gulf Coast Oxygenates (excluding Fuel Ethanol) Stocks at Refineries, Monthly",Refining District Texas Gulf Coast Oxygenates (excluding Fuel Ethanol) Stocks at Refineries Monthly - Thousand Barrels,True
PET.M_EPPRX_SKR_R2B_MBBL.M,US.OIL.EIA.M_EPPRX_SKR_R2B_MBBL_M,"Refining District Minnesota-Wisconsin-North Dakota-South Dakota Residual Fuel Oil, Less than 0.31% Sulfur Stocks at Refineries, Monthly","Refining District Minnesota-Wisconsin-North Dakota-South Dakota Residual Fuel Oil, Less than 0.31% Sulfur Stocks at Refineries Monthly - Thousand Barrels",True
PET.MAPRS2A1.M,US.OIL.EIA.MAPRS2A1_M,"Refining District Indiana-Illinois-Kentucky Asphalt and Road Oil Stocks at Refineries, Monthly",Refining District Indiana-Illinois-Kentucky Asphalt and Road Oil Stocks at Refineries Monthly - Thousand Barrels,True
PET.MAPRS2B1.M,US.OIL.EIA.MAPRS2B1_M,"Refining District Minnesota-Wisconsin-North Dakota-South Dakota Asphalt and Road Oil Stocks at Refineries, Monthly",Refining District Minnesota-Wisconsin-North Dakota-South Dakota Asphalt and Road Oil Stocks at Refineries Monthly - Thousand Barrels,True
PET.MAPRS2C1.M,US.OIL.EIA.MAPRS2C1_M,"Refining District Oklahoma-Kansas-Missouri Asphalt and Road Oil Stocks at Refineries, Monthly",Refining District Oklahoma-Kansas-Missouri Asphalt and Road Oil Stocks at Refineries Monthly - Thousand Barrels,True
PET.MAPRS3A1.M,US.OIL.EIA.MAPRS3A1_M,"Refining District Texas Inland Asphalt and Road Oil Stocks at Refineries, Monthly",Refining District Texas Inland Asphalt and Road Oil Stocks at Refineries Monthly - Thousand Barrels,True
PET.MAPRS3B1.M,US.OIL.EIA.MAPRS3B1_M,"Refining District Texas Gulf Coast Asphalt and Road Oil Stocks at Refineries, Monthly",Refining District Texas Gulf Coast Asphalt and Road Oil Stocks at Refineries Monthly - Thousand Barrels,True
PET.MAPRS3C1.M,US.OIL.EIA.MAPRS3C1_M,"Refining District Louisiana Gulf Coast Asphalt and Road Oil Stocks at Refineries, Monthly",Refining District Louisiana Gulf Coast Asphalt and Road Oil Stocks at Refineries Monthly - Thousand Barrels,True
PET.MAPRS3D1.M,US.OIL.EIA.MAPRS3D1_M,"Refining District North Louisiana-Arkansas Asphalt and Road Oil Stocks at Refineries, Monthly",Refining District North Louisiana-Arkansas Asphalt and Road Oil Stocks at Refineries Monthly - Thousand Barrels,True
PET.MAPRS3E1.M,US.OIL.EIA.MAPRS3E1_M,"Refining District New Mexico Asphalt and Road Oil Stocks at Refineries, Monthly",Refining District New Mexico Asphalt and Road Oil Stocks at Refineries Monthly - Thousand Barrels,True
PET.MAPRSAP1.M,US.OIL.EIA.MAPRSAP1_M,"Refining District Appalachian No. 1 Asphalt and Road Oil Stocks at Refineries, Monthly",Refining District Appalachian No. 1 Asphalt and Road Oil Stocks at Refineries Monthly - Thousand Barrels,True
PET.MAPRSEE1.M,US.OIL.EIA.MAPRSEE1_M,"Refining District East Coast Asphalt and Road Oil Stocks at Refineries, Monthly",Refining District East Coast Asphalt and Road Oil Stocks at Refineries Monthly - Thousand Barrels,True
PET.MAPRSP11.M,US.OIL.EIA.MAPRSP11_M,"East Coast (PADD 1) Asphalt and Road Oil Stocks at Refineries, Monthly",East Coast (PADD 1) Asphalt and Road Oil Stocks at Refineries Monthly - Thousand Barrels,True
PET.MAPRSP21.M,US.OIL.EIA.MAPRSP21_M,"Midwest (PADD 2) Asphalt and Road Oil Stocks at Refineries, Monthly",Midwest (PADD 2) Asphalt and Road Oil Stocks at Refineries Monthly - Thousand Barrels,True
PET.MAPRSP31.M,US.OIL.EIA.MAPRSP31_M,"Gulf Coast (PADD 3) Asphalt and Road Oil Stocks at Refineries, Monthly",Gulf Coast (PADD 3) Asphalt and Road Oil Stocks at Refineries Monthly - Thousand Barrels,True
PET.MAPRSP41.M,US.OIL.EIA.MAPRSP41_M,"Rocky Mountain (PADD 4) Asphalt and Road Oil Stocks at Refineries, Monthly",Rocky Mountain (PADD 4) Asphalt and Road Oil Stocks at Refineries Monthly - Thousand Barrels,True
PET.MAPRSP51.M,US.OIL.EIA.MAPRSP51_M,"West Coast (PADD 5) Asphalt and Road Oil Stocks at Refineries, Monthly",West Coast (PADD 5) Asphalt and Road Oil Stocks at Refineries Monthly - Thousand Barrels,True
PET.MAPRSUS1.M,US.OIL.EIA.MAPRSUS1_M,"U.S. Asphalt and Road Oil Stocks at Refineries, Monthly",U.S. Asphalt and Road Oil Stocks at Refineries Monthly - Thousand Barrels,True
PET.MBARS2A1.M,US.OIL.EIA.MBARS2A1_M,"Refining District Indiana-Illinois-Kentucky Aviation Gasoline Blending Components Stocks at Refineries, Monthly",Refining District Indiana-Illinois-Kentucky Aviation Gasoline Blending Components Stocks at Refineries Monthly - Thousand Barrels,True
PET.MBARS3A1.M,US.OIL.EIA.MBARS3A1_M,"Refining District Texas Inland Aviation Gasoline Blending Components Stocks at Refineries, Monthly",Refining District Texas Inland Aviation Gasoline Blending Components Stocks at Refineries Monthly - Thousand Barrels,True
PET.MBARS3B1.M,US.OIL.EIA.MBARS3B1_M,"Refining District Texas Gulf Coast Aviation Gasoline Blending Components Stocks at Refineries, Monthly",Refining District Texas Gulf Coast Aviation Gasoline Blending Components Stocks at Refineries Monthly - Thousand Barrels,True
PET.MBARS3C1.M,US.OIL.EIA.MBARS3C1_M,"Refining District Louisiana Gulf Coast Aviation Gasoline Blending Components Stocks at Refineries, Monthly",Refining District Louisiana Gulf Coast Aviation Gasoline Blending Components Stocks at Refineries Monthly - Thousand Barrels,True
PET.MBARSEE1.M,US.OIL.EIA.MBARSEE1_M,"Refining District East Coast Aviation Gasoline Blending Components Stocks at Refineries, Monthly",Refining District East Coast Aviation Gasoline Blending Components Stocks at Refineries Monthly - Thousand Barrels,True
PET.MBARSP11.M,US.OIL.EIA.MBARSP11_M,"East Coast (PADD 1) Aviation Gasoline Blending Components Stocks at Refineries, Monthly",East Coast (PADD 1) Aviation Gasoline Blending Components Stocks at Refineries Monthly - Thousand Barrels,True
PET.MBARSP21.M,US.OIL.EIA.MBARSP21_M,"Midwest (PADD 2) Aviation Gasoline Blending Components Stocks at Refineries, Monthly",Midwest (PADD 2) Aviation Gasoline Blending Components Stocks at Refineries Monthly - Thousand Barrels,True
PET.MBARSP31.M,US.OIL.EIA.MBARSP31_M,"Gulf Coast (PADD 3) Aviation Gasoline Blending Components Stocks at Refineries, Monthly",Gulf Coast (PADD 3) Aviation Gasoline Blending Components Stocks at Refineries Monthly - Thousand Barrels,True
PET.MBARSP51.M,US.OIL.EIA.MBARSP51_M,"West Coast (PADD 5) Aviation Gasoline Blending Components Stocks at Refineries, Monthly",West Coast (PADD 5) Aviation Gasoline Blending Components Stocks at Refineries Monthly - Thousand Barrels,True
PET.MBARSUS1.M,US.OIL.EIA.MBARSUS1_M,"U.S. Aviation Gasoline Blending Components Stocks at Refineries, Monthly",U.S. Aviation Gasoline Blending Components Stocks at Refineries Monthly - Thousand Barrels,True
PET.MBCRS2A1.M,US.OIL.EIA.MBCRS2A1_M,"Refining District Indiana-Illinois-Kentucky Gasoline Blending Components Stocks at Refineries, Monthly",Refining District Indiana-Illinois-Kentucky Gasoline Blending Components Stocks at Refineries Monthly - Thousand Barrels,True
PET.MBCRS2B1.M,US.OIL.EIA.MBCRS2B1_M,"Refining District Minnesota-Wisconsin-North Dakota-South Dakota Gasoline Blending Components Stocks at Refineries, Monthly",Refining District Minnesota-Wisconsin-North Dakota-South Dakota Gasoline Blending Components Stocks at Refineries Monthly - Thousand Barrels,True
PET.MBCRS2C1.M,US.OIL.EIA.MBCRS2C1_M,"Refining District Oklahoma-Kansas-Missouri Gasoline Blending Components Stocks at Refineries, Monthly",Refining District Oklahoma-Kansas-Missouri Gasoline Blending Components Stocks at Refineries Monthly - Thousand Barrels,True
PET.MBCRS3A1.M,US.OIL.EIA.MBCRS3A1_M,"Refining District Texas Inland Gasoline Blending Components Stocks at Refineries, Monthly",Refining District Texas Inland Gasoline Blending Components Stocks at Refineries Monthly - Thousand Barrels,True
PET.MBCRS3B1.M,US.OIL.EIA.MBCRS3B1_M,"Refining District Texas Gulf Coast Gasoline Blending Components Stocks at Refineries, Monthly",Refining District Texas Gulf Coast Gasoline Blending Components Stocks at Refineries Monthly - Thousand Barrels,True
PET.MBCRS3C1.M,US.OIL.EIA.MBCRS3C1_M,"Refining District Louisiana Gulf Coast Gasoline Blending Components Stocks at Refineries, Monthly",Refining District Louisiana Gulf Coast Gasoline Blending Components Stocks at Refineries Monthly - Thousand Barrels,True
PET.MBCRS3D1.M,US.OIL.EIA.MBCRS3D1_M,"Refining District North Louisiana-Arkansas Gasoline Blending Components Stocks at Refineries, Monthly",Refining District North Louisiana-Arkansas Gasoline Blending Components Stocks at Refineries Monthly - Thousand Barrels,True
PET.MBCRS3E1.M,US.OIL.EIA.MBCRS3E1_M,"Refining District New Mexico Gasoline Blending Components Stocks at Refineries, Monthly",Refining District New Mexico Gasoline Blending Components Stocks at Refineries Monthly - Thousand Barrels,True
PET.MBCRSAP1.M,US.OIL.EIA.MBCRSAP1_M,"Refining District Appalachian No. 1 Gasoline Blending Components Stocks at Refineries, Monthly",Refining District Appalachian No. 1 Gasoline Blending Components Stocks at Refineries Monthly - Thousand Barrels,True
PET.MBCRSEE1.M,US.OIL.EIA.MBCRSEE1_M,"Refining District East Coast Gasoline Blending Components Stocks at Refineries, Monthly",Refining District East Coast Gasoline Blending Components Stocks at Refineries Monthly - Thousand Barrels,True
PET.MBCRSP11.M,US.OIL.EIA.MBCRSP11_M,"East Coast (PADD 1) Gasoline Blending Components Stocks at Refineries, Monthly",East Coast (PADD 1) Gasoline Blending Components Stocks at Refineries Monthly - Thousand Barrels,True
PET.MBCRSP21.M,US.OIL.EIA.MBCRSP21_M,"Midwest (PADD 2) Gasoline Blending Components Stocks at Refineries, Monthly",Midwest (PADD 2) Gasoline Blending Components Stocks at Refineries Monthly - Thousand Barrels,True
PET.MBCRSP31.M,US.OIL.EIA.MBCRSP31_M,"Gulf Coast (PADD 3) Gasoline Blending Components Stocks at Refineries, Monthly",Gulf Coast (PADD 3) Gasoline Blending Components Stocks at Refineries Monthly - Thousand Barrels,True
PET.MBCRSP41.M,US.OIL.EIA.MBCRSP41_M,"Rocky Mountain (PADD 4) Gasoline Blending Components Stocks at Refineries, Monthly",Rocky Mountain (PADD 4) Gasoline Blending Components Stocks at Refineries Monthly - Thousand Barrels,True
PET.MBCRSP51.M,US.OIL.EIA.MBCRSP51_M,"West Coast (PADD 5) Gasoline Blending Components Stocks at Refineries, Monthly",West Coast (PADD 5) Gasoline Blending Components Stocks at Refineries Monthly - Thousand Barrels,True
PET.MBCRSUS1.M,US.OIL.EIA.MBCRSUS1_M,"U.S. Gasoline Blending Components Stocks at Refineries, Monthly",U.S. Gasoline Blending Components Stocks at Refineries Monthly - Thousand Barrels,True
PET.MBIRSP11.M,US.OIL.EIA.MBIRSP11_M,"East Coast (PADD 1) Isobutane-Isobutylene Stocks at Refineries, Monthly",East Coast (PADD 1) Isobutane-Isobutylene Stocks at Refineries Monthly - Thousand Barrels,True
PET.MBIRSP21.M,US.OIL.EIA.MBIRSP21_M,"Midwest (PADD 2) Isobutane-Isobutylene Stocks at Refineries, Monthly",Midwest (PADD 2) Isobutane-Isobutylene Stocks at Refineries Monthly - Thousand Barrels,True
PET.MBIRSP31.M,US.OIL.EIA.MBIRSP31_M,"Gulf Coast (PADD 3) Isobutane-Isobutylene Stocks at Refineries, Monthly",Gulf Coast (PADD 3) Isobutane-Isobutylene Stocks at Refineries Monthly - Thousand Barrels,True
PET.MBIRSP41.M,US.OIL.EIA.MBIRSP41_M,"Rocky Mountain (PADD 4) Isobutane-Isobutylene Stocks at Refineries, Monthly",Rocky Mountain (PADD 4) Isobutane-Isobutylene Stocks at Refineries Monthly - Thousand Barrels,True
PET.MBIRSP51.M,US.OIL.EIA.MBIRSP51_M,"West Coast (PADD 5) Isobutane-Isobutylene Stocks at Refineries, Monthly",West Coast (PADD 5) Isobutane-Isobutylene Stocks at Refineries Monthly - Thousand Barrels,True
PET.MBIRSUS1.M,US.OIL.EIA.MBIRSUS1_M,"U.S. Isobutane-Isobutylene Stocks at Refineries, Monthly",U.S. Isobutane-Isobutylene Stocks at Refineries Monthly - Thousand Barrels,True
PET.MBNRS2A1.M,US.OIL.EIA.MBNRS2A1_M,"Refining District Indiana-Illinois-Kentucky Normal Butane-Butylene Stocks at Refineries, Monthly",Refining District Indiana-Illinois-Kentucky Normal Butane-Butylene Stocks at Refineries Monthly - Thousand Barrels,True
PET.MBNRS2B1.M,US.OIL.EIA.MBNRS2B1_M,"Refining District Minnesota-Wisconsin-North Dakota-South Dakota Normal Butane-Butylene Stocks at Refineries, Monthly",Refining District Minnesota-Wisconsin-North Dakota-South Dakota Normal Butane-Butylene Stocks at Refineries Monthly - Thousand Barrels,True
PET.MBNRS2C1.M,US.OIL.EIA.MBNRS2C1_M,"Refining District Oklahoma-Kansas-Missouri Normal Butane-Butylene Stocks at Refineries, Monthly",Refining District Oklahoma-Kansas-Missouri Normal Butane-Butylene Stocks at Refineries Monthly - Thousand Barrels,True
PET.MBNRS3A1.M,US.OIL.EIA.MBNRS3A1_M,"Refining District Texas Inland Normal Butane-Butylene Stocks at Refineries, Monthly",Refining District Texas Inland Normal Butane-Butylene Stocks at Refineries Monthly - Thousand Barrels,True
PET.MBNRS3B1.M,US.OIL.EIA.MBNRS3B1_M,"Refining District Texas Gulf Coast Normal Butane-Butylene Stocks at Refineries, Monthly",Refining District Texas Gulf Coast Normal Butane-Butylene Stocks at Refineries Monthly - Thousand Barrels,True
PET.MBNRS3C1.M,US.OIL.EIA.MBNRS3C1_M,"Refining District Louisiana Gulf Coast Normal Butane-Butylene Stocks at Refineries, Monthly",Refining District Louisiana Gulf Coast Normal Butane-Butylene Stocks at Refineries Monthly - Thousand Barrels,True
PET.MBNRS3D1.M,US.OIL.EIA.MBNRS3D1_M,"Refining District North Louisiana-Arkansas Normal Butane-Butylene Stocks at Refineries, Monthly",Refining District North Louisiana-Arkansas Normal Butane-Butylene Stocks at Refineries Monthly - Thousand Barrels,True
PET.MBNRS3E1.M,US.OIL.EIA.MBNRS3E1_M,"Refining District New Mexico Normal Butane-Butylene Stocks at Refineries, Monthly",Refining District New Mexico Normal Butane-Butylene Stocks at Refineries Monthly - Thousand Barrels,True
PET.MBNRSAP1.M,US.OIL.EIA.MBNRSAP1_M,"Refining District Appalachian No. 1 Normal Butane-Butylene Stocks at Refineries, Monthly",Refining District Appalachian No. 1 Normal Butane-Butylene Stocks at Refineries Monthly - Thousand Barrels,True
PET.MBNRSEE1.M,US.OIL.EIA.MBNRSEE1_M,"Refining District East Coast Normal Butane-Butylene Stocks at Refineries, Monthly",Refining District East Coast Normal Butane-Butylene Stocks at Refineries Monthly - Thousand Barrels,True
PET.MBNRSP11.M,US.OIL.EIA.MBNRSP11_M,"East Coast (PADD 1) Normal Butane-Butylene Stocks at Refineries, Monthly",East Coast (PADD 1) Normal Butane-Butylene Stocks at Refineries Monthly - Thousand Barrels,True
PET.MBNRSP21.M,US.OIL.EIA.MBNRSP21_M,"Midwest (PADD 2) Normal Butane-Butylene Stocks at Refineries, Monthly",Midwest (PADD 2) Normal Butane-Butylene Stocks at Refineries Monthly - Thousand Barrels,True
PET.MBNRSP31.M,US.OIL.EIA.MBNRSP31_M,"Gulf Coast (PADD 3) Normal Butane-Butylene Stocks at Refineries, Monthly",Gulf Coast (PADD 3) Normal Butane-Butylene Stocks at Refineries Monthly - Thousand Barrels,True
PET.MBNRSP41.M,US.OIL.EIA.MBNRSP41_M,"Rocky Mountain (PADD 4) Normal Butane-Butylene Stocks at Refineries, Monthly",Rocky Mountain (PADD 4) Normal Butane-Butylene Stocks at Refineries Monthly - Thousand Barrels,True
PET.MBNRSP51.M,US.OIL.EIA.MBNRSP51_M,"West Coast (PADD 5) Normal Butane-Butylene Stocks at Refineries, Monthly",West Coast (PADD 5) Normal Butane-Butylene Stocks at Refineries Monthly - Thousand Barrels,True
PET.MBNRSUS1.M,US.OIL.EIA.MBNRSUS1_M,"U.S. Normal Butane-Butylene Stocks at Refineries, Monthly",U.S. Normal Butane-Butylene Stocks at Refineries Monthly - Thousand Barrels,True
PET.MCKRS_R2A_1.M,US.OIL.EIA.MCKRS_R2A_1_M,"Refining District Indiana-Illinois-Kentucky Petroleum Coke Stocks at Refineries, Monthly",Refining District Indiana-Illinois-Kentucky Petroleum Coke Stocks at Refineries Monthly - Thousand Barrels,True
PET.MCKRS_R2B_1.M,US.OIL.EIA.MCKRS_R2B_1_M,"Refining District Minnesota-Wisconsin-North Dakota-South Dakota Petroleum Coke Stocks at Refineries, Monthly",Refining District Minnesota-Wisconsin-North Dakota-South Dakota Petroleum Coke Stocks at Refineries Monthly - Thousand Barrels,True
PET.MCKRS_R2C_1.M,US.OIL.EIA.MCKRS_R2C_1_M,"Refining District Oklahoma-Kansas-Missouri Petroleum Coke Stocks at Refineries, Monthly",Refining District Oklahoma-Kansas-Missouri Petroleum Coke Stocks at Refineries Monthly - Thousand Barrels,True
PET.MCKRS_R3A_1.M,US.OIL.EIA.MCKRS_R3A_1_M,"Refining District Texas Inland Petroleum Coke Stocks at Refineries, Monthly",Refining District Texas Inland Petroleum Coke Stocks at Refineries Monthly - Thousand Barrels,True
PET.MCKRS_R3B_1.M,US.OIL.EIA.MCKRS_R3B_1_M,"Refining District Texas Gulf Coast Petroleum Coke Stocks at Refineries, Monthly",Refining District Texas Gulf Coast Petroleum Coke Stocks at Refineries Monthly - Thousand Barrels,True
PET.MCKRS_R3C_1.M,US.OIL.EIA.MCKRS_R3C_1_M,"Refining District Louisiana Gulf Coast Petroleum Coke Stocks at Refineries, Monthly",Refining District Louisiana Gulf Coast Petroleum Coke Stocks at Refineries Monthly - Thousand Barrels,True
PET.MCKRS_REC_1.M,US.OIL.EIA.MCKRS_REC_1_M,"Refining District East Coast Petroleum Coke Stocks at Refineries, Monthly",Refining District East Coast Petroleum Coke Stocks at Refineries Monthly - Thousand Barrels,True
PET.MCKRSP11.M,US.OIL.EIA.MCKRSP11_M,"East Coast (PADD 1) Petroleum Coke Stocks at Refineries, Monthly",East Coast (PADD 1) Petroleum Coke Stocks at Refineries Monthly - Thousand Barrels,True
PET.MCKRSP21.M,US.OIL.EIA.MCKRSP21_M,"Midwest (PADD 2) Petroleum Coke Stocks at Refineries, Monthly",Midwest (PADD 2) Petroleum Coke Stocks at Refineries Monthly - Thousand Barrels,True
PET.MCKRSP31.M,US.OIL.EIA.MCKRSP31_M,"Gulf Coast (PADD 3) Petroleum Coke Stocks at Refineries, Monthly",Gulf Coast (PADD 3) Petroleum Coke Stocks at Refineries Monthly - Thousand Barrels,True
PET.MCKRSP41.M,US.OIL.EIA.MCKRSP41_M,"Rocky Mountain (PADD 4) Petroleum Coke Stocks at Refineries, Monthly",Rocky Mountain (PADD 4) Petroleum Coke Stocks at Refineries Monthly - Thousand Barrels,True
PET.MCKRSP51.M,US.OIL.EIA.MCKRSP51_M,"West Coast (PADD 5) Petroleum Coke Stocks at Refineries, Monthly",West Coast (PADD 5) Petroleum Coke Stocks at Refineries Monthly - Thousand Barrels,True
PET.MCKRSUS1.M,US.OIL.EIA.MCKRSUS1_M,"U.S. Petroleum Coke Stocks at Refineries, Monthly",U.S. Petroleum Coke Stocks at Refineries Monthly - Thousand Barrels,True
PET.MCMRS2A1.M,US.OIL.EIA.MCMRS2A1_M,"Refining District Indiana-Illinois-Kentucky Petroleum Coke Marketable Stocks at Refineries, Monthly",Refining District Indiana-Illinois-Kentucky Petroleum Coke Marketable Stocks at Refineries Monthly - Thousand Barrels,True
PET.MCMRS2B1.M,US.OIL.EIA.MCMRS2B1_M,"Refining District Minnesota-Wisconsin-North Dakota-South Dakota Petroleum Coke Marketable Stocks at Refineries, Monthly",Refining District Minnesota-Wisconsin-North Dakota-South Dakota Petroleum Coke Marketable Stocks at Refineries Monthly - Thousand Barrels,True
PET.MCMRS2C1.M,US.OIL.EIA.MCMRS2C1_M,"Refining District Oklahoma-Kansas-Missouri Petroleum Coke Marketable Stocks at Refineries, Monthly",Refining District Oklahoma-Kansas-Missouri Petroleum Coke Marketable Stocks at Refineries Monthly - Thousand Barrels,True
PET.MCMRS3A1.M,US.OIL.EIA.MCMRS3A1_M,"Refining District Texas Inland Petroleum Coke Marketable Stocks at Refineries, Monthly",Refining District Texas Inland Petroleum Coke Marketable Stocks at Refineries Monthly - Thousand Barrels,True
